run,eval_loss,eval_acc,eval_full_vocab_acc,eval_margin,eval_head_acc,eval_tail_acc,step,variant,train_scope,d_model,n_heads,seq_len,n_q,n_k,n_v,m,optimizer,lr,muon_lr,seed,elapsed_s,params_total,params_trainable,prompt_len,train_episodes,train_tokens,eval_episodes_per_eval,random_baseline,spec_group,spec_label,spec_variant,spec_train_scope,spec_optimizer,spec_lr,spec_seed,spec_seq_len,spec_d_model,spec_steps,auc_acc,t80_step
arch_1l_attn_seq16_d128_adamw_lr0p001_seed0,2.9736363887786865,0.15234375,0.15234375,-1.7268359661102295,0.1484375,0.140625,2500,one_layer_attn,all,128,4,16,128,128,512,7,adamw,0.001,0.02,0,19.851376599865038,174976,174976,16,320000,5440000,512,0.1428571428571428,arch,1L-attn,one_layer_attn,all,adamw,0.001,0,16,128,2500,0.136328125,
arch_1l_attn_seq16_d128_adamw_lr0p001_seed1,3.0184543132781982,0.1640625,0.1640625,-1.751910924911499,0.1875,0.203125,2500,one_layer_attn,all,128,4,16,128,128,512,7,adamw,0.001,0.02,1,18.287118900101632,174976,174976,16,320000,5440000,512,0.1428571428571428,arch,1L-attn,one_layer_attn,all,adamw,0.001,1,16,128,2500,0.1478515625,
arch_1l_attn_seq16_d256_adamw_lr0p001_seed0,2.7724997997283936,0.158203125,0.158203125,-1.5919702053070068,0.140625,0.1953125,2500,one_layer_attn,all,256,4,16,128,128,512,7,adamw,0.001,0.02,0,20.709199000149965,481024,481024,16,320000,5440000,512,0.1428571428571428,arch,1L-attn,one_layer_attn,all,adamw,0.001,0,16,256,2500,0.15146484375,
arch_1l_attn_seq16_d256_adamw_lr0p001_seed1,2.9300334453582764,0.12890625,0.12890625,-1.7928404808044434,0.1484375,0.1484375,2500,one_layer_attn,all,256,4,16,128,128,512,7,adamw,0.001,0.02,1,21.034078700002283,481024,481024,16,320000,5440000,512,0.1428571428571428,arch,1L-attn,one_layer_attn,all,adamw,0.001,1,16,256,2500,0.147265625,
arch_1l_attn_seq16_d64_adamw_lr0p001_seed0,3.450434446334839,0.17578125,0.16796875,-1.8750035762786863,0.1640625,0.1875,2500,one_layer_attn,all,64,4,16,128,128,512,7,adamw,0.001,0.02,0,20.515316300094128,71104,71104,16,320000,5440000,512,0.1428571428571428,arch,1L-attn,one_layer_attn,all,adamw,0.001,0,16,64,2500,0.146875,
arch_1l_attn_seq16_d64_adamw_lr0p001_seed1,3.498412132263184,0.14453125,0.140625,-1.9522713422775269,0.1640625,0.09375,2500,one_layer_attn,all,64,4,16,128,128,512,7,adamw,0.001,0.02,1,21.744802000001076,71104,71104,16,320000,5440000,512,0.1428571428571428,arch,1L-attn,one_layer_attn,all,adamw,0.001,1,16,64,2500,0.141015625,
arch_1l_attn_seq32_d128_adamw_lr0p001_seed0,3.144643783569336,0.134765625,0.134765625,-1.914612293243408,0.1328125,0.1328125,2500,one_layer_attn,all,128,4,32,128,128,512,7,adamw,0.001,0.02,0,23.001934999832883,177024,177024,32,320000,10560000,512,0.1428571428571428,arch,1L-attn,one_layer_attn,all,adamw,0.001,0,32,128,2500,0.14482421875,
arch_1l_attn_seq32_d128_adamw_lr0p001_seed1,3.0776844024658203,0.13671875,0.13671875,-1.861635684967041,0.1328125,0.1328125,2500,one_layer_attn,all,128,4,32,128,128,512,7,adamw,0.001,0.02,1,23.35231350013055,177024,177024,32,320000,10560000,512,0.1428571428571428,arch,1L-attn,one_layer_attn,all,adamw,0.001,1,32,128,2500,0.13740234375,
arch_1l_attn_seq32_d256_adamw_lr0p001_seed0,2.8898239135742188,0.13671875,0.13671875,-1.7305383682250977,0.1328125,0.125,2500,one_layer_attn,all,256,4,32,128,128,512,7,adamw,0.001,0.02,0,23.955379699822515,485120,485120,32,320000,10560000,512,0.1428571428571428,arch,1L-attn,one_layer_attn,all,adamw,0.001,0,32,256,2500,0.15126953125,
arch_1l_attn_seq32_d256_adamw_lr0p001_seed1,2.8721394538879395,0.130859375,0.130859375,-1.7343697547912598,0.140625,0.125,2500,one_layer_attn,all,256,4,32,128,128,512,7,adamw,0.001,0.02,1,26.235727000050247,485120,485120,32,320000,10560000,512,0.1428571428571428,arch,1L-attn,one_layer_attn,all,adamw,0.001,1,32,256,2500,0.14580078125,
arch_1l_attn_seq32_d64_adamw_lr0p001_seed0,3.420570373535156,0.15234375,0.146484375,-1.849694848060608,0.171875,0.1796875,2500,one_layer_attn,all,64,4,32,128,128,512,7,adamw,0.001,0.02,0,23.17293310002424,72128,72128,32,320000,10560000,512,0.1428571428571428,arch,1L-attn,one_layer_attn,all,adamw,0.001,0,32,64,2500,0.143359375,
arch_1l_attn_seq32_d64_adamw_lr0p001_seed1,3.563786506652832,0.15234375,0.14453125,-2.002009868621826,0.140625,0.1328125,2500,one_layer_attn,all,64,4,32,128,128,512,7,adamw,0.001,0.02,1,23.65266719995998,72128,72128,32,320000,10560000,512,0.1428571428571428,arch,1L-attn,one_layer_attn,all,adamw,0.001,1,32,64,2500,0.1484375,
arch_1l_attn_seq64_d128_adamw_lr0p001_seed0,3.0994091033935547,0.1484375,0.1484375,-1.8238587379455569,0.140625,0.171875,2500,one_layer_attn,all,128,4,64,128,128,512,7,adamw,0.001,0.02,0,30.32515719998628,181120,181120,64,320000,20800000,512,0.1428571428571428,arch,1L-attn,one_layer_attn,all,adamw,0.001,0,64,128,2500,0.142578125,
arch_1l_attn_seq64_d128_adamw_lr0p001_seed1,3.059093713760376,0.162109375,0.162109375,-1.7834010124206543,0.171875,0.15625,2500,one_layer_attn,all,128,4,64,128,128,512,7,adamw,0.001,0.02,1,27.428027000045404,181120,181120,64,320000,20800000,512,0.1428571428571428,arch,1L-attn,one_layer_attn,all,adamw,0.001,1,64,128,2500,0.15048828125,
arch_1l_attn_seq64_d256_adamw_lr0p001_seed0,2.893866062164306,0.150390625,0.150390625,-1.738430380821228,0.140625,0.1796875,2500,one_layer_attn,all,256,4,64,128,128,512,7,adamw,0.001,0.02,0,32.29685309994966,493312,493312,64,320000,20800000,512,0.1428571428571428,arch,1L-attn,one_layer_attn,all,adamw,0.001,0,64,256,2500,0.14853515625,
arch_1l_attn_seq64_d256_adamw_lr0p001_seed1,2.8115599155426025,0.14453125,0.14453125,-1.637700438499451,0.109375,0.1484375,2500,one_layer_attn,all,256,4,64,128,128,512,7,adamw,0.001,0.02,1,31.979433299973607,493312,493312,64,320000,20800000,512,0.1428571428571428,arch,1L-attn,one_layer_attn,all,adamw,0.001,1,64,256,2500,0.13740234375,
arch_1l_attn_seq64_d64_adamw_lr0p001_seed0,3.596815824508667,0.134765625,0.130859375,-2.001276969909668,0.203125,0.1015625,2500,one_layer_attn,all,64,4,64,128,128,512,7,adamw,0.001,0.02,0,27.38501080009155,74176,74176,64,320000,20800000,512,0.1428571428571428,arch,1L-attn,one_layer_attn,all,adamw,0.001,0,64,64,2500,0.14755859375,
arch_1l_attn_seq64_d64_adamw_lr0p001_seed1,3.5407443046569824,0.150390625,0.140625,-1.9769376516342163,0.140625,0.171875,2500,one_layer_attn,all,64,4,64,128,128,512,7,adamw,0.001,0.02,1,26.62314819986932,74176,74176,64,320000,20800000,512,0.1428571428571428,arch,1L-attn,one_layer_attn,all,adamw,0.001,1,64,64,2500,0.14853515625,
arch_2l_attn_only_seq16_d128_adamw_lr0p001_seed0,4.372050285339356,0.96484375,0.96484375,2.008608102798462,0.9921875,0.9609375,2500,two_layer_attn,attention_only,128,4,16,128,128,512,7,adamw,0.001,0.02,0,25.544217500137165,241024,131072,16,320000,5440000,512,0.1428571428571428,arch,2L-attn-only,two_layer_attn,attention_only,adamw,0.001,0,16,128,2500,0.85224609375,500.0
arch_2l_attn_only_seq16_d128_adamw_lr0p001_seed1,4.340290546417236,0.9765625,0.9765625,2.0666732788085938,0.9921875,0.9453125,2500,two_layer_attn,attention_only,128,4,16,128,128,512,7,adamw,0.001,0.02,1,25.51559399999678,241024,131072,16,320000,5440000,512,0.1428571428571428,arch,2L-attn-only,two_layer_attn,attention_only,adamw,0.001,1,16,128,2500,0.84091796875,750.0
arch_2l_attn_only_seq16_d256_adamw_lr0p001_seed0,2.0866987705230717,0.99609375,0.99609375,4.358975410461426,1.0,0.9921875,2500,two_layer_attn,attention_only,256,4,16,128,128,512,7,adamw,0.001,0.02,0,25.512031099991876,744192,524288,16,320000,5440000,512,0.1428571428571428,arch,2L-attn-only,two_layer_attn,attention_only,adamw,0.001,0,16,256,2500,0.89072265625,500.0
arch_2l_attn_only_seq16_d256_adamw_lr0p001_seed1,2.0596280097961426,0.99609375,0.99609375,4.399868965148926,1.0,0.9921875,2500,two_layer_attn,attention_only,256,4,16,128,128,512,7,adamw,0.001,0.02,1,25.75698609999381,744192,524288,16,320000,5440000,512,0.1428571428571428,arch,2L-attn-only,two_layer_attn,attention_only,adamw,0.001,1,16,256,2500,0.88974609375,500.0
arch_2l_attn_only_seq16_d64_adamw_lr0p001_seed0,5.662891387939453,0.896484375,0.896484375,0.7563097476959229,0.984375,0.765625,2500,two_layer_attn,attention_only,64,4,16,128,128,512,7,adamw,0.001,0.02,0,25.6777634001337,87744,32768,16,320000,5440000,512,0.1428571428571428,arch,2L-attn-only,two_layer_attn,attention_only,adamw,0.001,0,16,64,2500,0.63505859375,1750.0
arch_2l_attn_only_seq16_d64_adamw_lr0p001_seed1,5.642653465270996,0.89453125,0.89453125,0.772659420967102,1.0,0.7890625,2500,two_layer_attn,attention_only,64,4,16,128,128,512,7,adamw,0.001,0.02,1,25.76060519996099,87744,32768,16,320000,5440000,512,0.1428571428571428,arch,2L-attn-only,two_layer_attn,attention_only,adamw,0.001,1,16,64,2500,0.6515625,1500.0
arch_2l_attn_only_seq32_d128_adamw_lr0p001_seed0,4.402761936187744,0.955078125,0.955078125,1.9661459922790527,0.9921875,0.90625,2500,two_layer_attn,attention_only,128,4,32,128,128,512,7,adamw,0.001,0.02,0,24.191940299933776,243072,131072,32,320000,10560000,512,0.1428571428571428,arch,2L-attn-only,two_layer_attn,attention_only,adamw,0.001,0,32,128,2500,0.76865234375,750.0
arch_2l_attn_only_seq32_d128_adamw_lr0p001_seed1,4.529007434844971,0.916015625,0.916015625,1.735804796218872,0.984375,0.796875,2500,two_layer_attn,attention_only,128,4,32,128,128,512,7,adamw,0.001,0.02,1,23.96493580006063,243072,131072,32,320000,10560000,512,0.1428571428571428,arch,2L-attn-only,two_layer_attn,attention_only,adamw,0.001,1,32,128,2500,0.68837890625,1250.0
arch_2l_attn_only_seq32_d256_adamw_lr0p001_seed0,2.2045016288757324,0.9765625,0.9765625,4.150009632110596,1.0,0.9765625,2500,two_layer_attn,attention_only,256,4,32,128,128,512,7,adamw,0.001,0.02,0,24.88584589981474,748288,524288,32,320000,10560000,512,0.1428571428571428,arch,2L-attn-only,two_layer_attn,attention_only,adamw,0.001,0,32,256,2500,0.84375,500.0
arch_2l_attn_only_seq32_d256_adamw_lr0p001_seed1,2.218855142593384,0.9765625,0.9765625,4.152783393859863,1.0,0.9375,2500,two_layer_attn,attention_only,256,4,32,128,128,512,7,adamw,0.001,0.02,1,25.299771399935707,748288,524288,32,320000,10560000,512,0.1428571428571428,arch,2L-attn-only,two_layer_attn,attention_only,adamw,0.001,1,32,256,2500,0.83876953125,500.0
arch_2l_attn_only_seq32_d64_adamw_lr0p001_seed0,5.759913921356201,0.814453125,0.8125,0.5768722295761108,1.0,0.6640625,2500,two_layer_attn,attention_only,64,4,32,128,128,512,7,adamw,0.001,0.02,0,25.444451699964706,88768,32768,32,320000,10560000,512,0.1428571428571428,arch,2L-attn-only,two_layer_attn,attention_only,adamw,0.001,0,32,64,2500,0.57978515625,2500.0
arch_2l_attn_only_seq32_d64_adamw_lr0p001_seed1,5.637784004211426,0.8984375,0.8984375,0.7718274593353271,1.0,0.8125,2500,two_layer_attn,attention_only,64,4,32,128,128,512,7,adamw,0.001,0.02,1,24.58134899986908,88768,32768,32,320000,10560000,512,0.1428571428571428,arch,2L-attn-only,two_layer_attn,attention_only,adamw,0.001,1,32,64,2500,0.61064453125,1500.0
arch_2l_attn_only_seq64_d128_adamw_lr0p001_seed0,4.5894293785095215,0.923828125,0.921875,1.6992533206939695,0.9921875,0.8515625,2500,two_layer_attn,attention_only,128,4,64,128,128,512,7,adamw,0.001,0.02,0,27.383385800058026,247168,131072,64,320000,20800000,512,0.1428571428571428,arch,2L-attn-only,two_layer_attn,attention_only,adamw,0.001,0,64,128,2500,0.66767578125,1250.0
arch_2l_attn_only_seq64_d128_adamw_lr0p001_seed1,4.522993564605713,0.939453125,0.939453125,1.793501615524292,1.0,0.8203125,2500,two_layer_attn,attention_only,128,4,64,128,128,512,7,adamw,0.001,0.02,1,28.330462699988857,247168,131072,64,320000,20800000,512,0.1428571428571428,arch,2L-attn-only,two_layer_attn,attention_only,adamw,0.001,1,64,128,2500,0.69775390625,1000.0
arch_2l_attn_only_seq64_d256_adamw_lr0p001_seed0,2.239222288131714,0.98828125,0.98828125,4.162025451660156,1.0,0.9609375,2500,two_layer_attn,attention_only,256,4,64,128,128,512,7,adamw,0.001,0.02,0,36.02919970010407,756480,524288,64,320000,20800000,512,0.1428571428571428,arch,2L-attn-only,two_layer_attn,attention_only,adamw,0.001,0,64,256,2500,0.74384765625,1000.0
arch_2l_attn_only_seq64_d256_adamw_lr0p001_seed1,2.412846565246582,0.953125,0.953125,3.833065032958984,0.984375,0.8984375,2500,two_layer_attn,attention_only,256,4,64,128,128,512,7,adamw,0.001,0.02,1,36.49651830014773,756480,524288,64,320000,20800000,512,0.1428571428571428,arch,2L-attn-only,two_layer_attn,attention_only,adamw,0.001,1,64,256,2500,0.77021484375,750.0
arch_2l_attn_only_seq64_d64_adamw_lr0p001_seed0,5.91959285736084,0.685546875,0.681640625,0.2869346737861633,0.9609375,0.4765625,2500,two_layer_attn,attention_only,64,4,64,128,128,512,7,adamw,0.001,0.02,0,26.16184030007571,90816,32768,64,320000,20800000,512,0.1428571428571428,arch,2L-attn-only,two_layer_attn,attention_only,adamw,0.001,0,64,64,2500,0.31865234375,
arch_2l_attn_only_seq64_d64_adamw_lr0p001_seed1,6.338604927062988,0.267578125,0.26171875,-0.3149380683898926,0.546875,0.1484375,2500,two_layer_attn,attention_only,64,4,64,128,128,512,7,adamw,0.001,0.02,1,27.33132540015504,90816,32768,64,320000,20800000,512,0.1428571428571428,arch,2L-attn-only,two_layer_attn,attention_only,adamw,0.001,1,64,64,2500,0.1595703125,
arch_2l_attn_seq16_d128_adamw_lr0p001_seed0,0.3153491616249084,0.94140625,0.94140625,10.070717811584473,0.9765625,0.9375,2500,two_layer_attn,all,128,4,16,128,128,512,7,adamw,0.001,0.02,0,27.67548800003715,241024,241024,16,320000,5440000,512,0.1428571428571428,arch,2L-attn,two_layer_attn,all,adamw,0.001,0,16,128,2500,0.86259765625,500.0
arch_2l_attn_seq16_d128_adamw_lr0p001_seed1,0.0915750563144683,0.98046875,0.98046875,11.563837051391602,1.0,0.96875,2500,two_layer_attn,all,128,4,16,128,128,512,7,adamw,0.001,0.02,1,27.80341829988174,241024,241024,16,320000,5440000,512,0.1428571428571428,arch,2L-attn,two_layer_attn,all,adamw,0.001,1,16,128,2500,0.87451171875,500.0
arch_2l_attn_seq16_d256_adamw_lr0p001_seed0,0.6299450993537903,0.935546875,0.927734375,9.65541648864746,0.984375,0.96875,2500,two_layer_attn,all,256,4,16,128,128,512,7,adamw,0.001,0.02,0,24.97390779992565,744192,744192,16,320000,5440000,512,0.1428571428571428,arch,2L-attn,two_layer_attn,all,adamw,0.001,0,16,256,2500,0.887890625,500.0
arch_2l_attn_seq16_d256_adamw_lr0p001_seed1,0.1115390211343765,0.990234375,0.98828125,12.581026077270508,0.9921875,0.96875,2500,two_layer_attn,all,256,4,16,128,128,512,7,adamw,0.001,0.02,1,25.245436399942264,744192,744192,16,320000,5440000,512,0.1428571428571428,arch,2L-attn,two_layer_attn,all,adamw,0.001,1,16,256,2500,0.8787109375,500.0
arch_2l_attn_seq16_d64_adamw_lr0p001_seed0,0.0959252715110778,0.96875,0.96875,9.883745193481444,1.0,0.9296875,2500,two_layer_attn,all,64,4,16,128,128,512,7,adamw,0.001,0.02,0,27.625234000151977,87744,87744,16,320000,5440000,512,0.1428571428571428,arch,2L-attn,two_layer_attn,all,adamw,0.001,0,16,64,2500,0.7951171875,1000.0
arch_2l_attn_seq16_d64_adamw_lr0p001_seed1,0.0986898690462112,0.982421875,0.982421875,9.762908935546877,1.0,0.953125,2500,two_layer_attn,all,64,4,16,128,128,512,7,adamw,0.001,0.02,1,26.96690949983895,87744,87744,16,320000,5440000,512,0.1428571428571428,arch,2L-attn,two_layer_attn,all,adamw,0.001,1,16,64,2500,0.79013671875,750.0
arch_2l_attn_seq32_d128_adamw_lr0p001_seed0,0.2860755622386932,0.9453125,0.9453125,9.278947830200195,0.9765625,0.921875,2500,two_layer_attn,all,128,4,32,128,128,512,7,adamw,0.001,0.02,0,26.98459540004842,243072,243072,32,320000,10560000,512,0.1428571428571428,arch,2L-attn,two_layer_attn,all,adamw,0.001,0,32,128,2500,0.80859375,750.0
arch_2l_attn_seq32_d128_adamw_lr0p001_seed1,0.1051693558692932,0.98046875,0.98046875,9.859189987182615,1.0,0.953125,2500,two_layer_attn,all,128,4,32,128,128,512,7,adamw,0.001,0.02,1,27.97471609991044,243072,243072,32,320000,10560000,512,0.1428571428571428,arch,2L-attn,two_layer_attn,all,adamw,0.001,1,32,128,2500,0.8021484375,750.0
arch_2l_attn_seq32_d256_adamw_lr0p001_seed0,0.2502427995204925,0.970703125,0.96875,11.227265357971191,1.0,0.9296875,2500,two_layer_attn,all,256,4,32,128,128,512,7,adamw,0.001,0.02,0,29.854572599986568,748288,748288,32,320000,10560000,512,0.1428571428571428,arch,2L-attn,two_layer_attn,all,adamw,0.001,0,32,256,2500,0.83916015625,500.0
arch_2l_attn_seq32_d256_adamw_lr0p001_seed1,0.2602834701538086,0.958984375,0.955078125,10.753076553344728,0.9921875,0.9453125,2500,two_layer_attn,all,256,4,32,128,128,512,7,adamw,0.001,0.02,1,30.4605686001014,748288,748288,32,320000,10560000,512,0.1428571428571428,arch,2L-attn,two_layer_attn,all,adamw,0.001,1,32,256,2500,0.803515625,500.0
arch_2l_attn_seq32_d64_adamw_lr0p001_seed0,0.2534224689006805,0.951171875,0.951171875,9.614625930786133,0.984375,0.890625,2500,two_layer_attn,all,64,4,32,128,128,512,7,adamw,0.001,0.02,0,27.363876699935645,88768,88768,32,320000,10560000,512,0.1428571428571428,arch,2L-attn,two_layer_attn,all,adamw,0.001,0,32,64,2500,0.78193359375,1000.0
arch_2l_attn_seq32_d64_adamw_lr0p001_seed1,0.0712427869439125,0.984375,0.984375,9.554526329040527,1.0,0.9765625,2500,two_layer_attn,all,64,4,32,128,128,512,7,adamw,0.001,0.02,1,26.07947240001522,88768,88768,32,320000,10560000,512,0.1428571428571428,arch,2L-attn,two_layer_attn,all,adamw,0.001,1,32,64,2500,0.78095703125,1000.0
arch_2l_attn_seq64_d128_adamw_lr0p001_seed0,0.0842129215598106,0.98828125,0.986328125,10.373861312866213,1.0,0.96875,2500,two_layer_attn,all,128,4,64,128,128,512,7,adamw,0.001,0.02,0,32.6423484000843,247168,247168,64,320000,20800000,512,0.1428571428571428,arch,2L-attn,two_layer_attn,all,adamw,0.001,0,64,128,2500,0.68046875,1000.0
arch_2l_attn_seq64_d128_adamw_lr0p001_seed1,0.1698830127716064,0.966796875,0.966796875,10.195755004882812,0.9921875,0.9453125,2500,two_layer_attn,all,128,4,64,128,128,512,7,adamw,0.001,0.02,1,33.031352000078186,247168,247168,64,320000,20800000,512,0.1428571428571428,arch,2L-attn,two_layer_attn,all,adamw,0.001,1,64,128,2500,0.67587890625,1250.0
arch_2l_attn_seq64_d256_adamw_lr0p001_seed0,0.626592218875885,0.91796875,0.916015625,8.366506576538086,0.9453125,0.890625,2500,two_layer_attn,all,256,4,64,128,128,512,7,adamw,0.001,0.02,0,42.91654479992576,756480,756480,64,320000,20800000,512,0.1428571428571428,arch,2L-attn,two_layer_attn,all,adamw,0.001,0,64,256,2500,0.69892578125,1000.0
arch_2l_attn_seq64_d256_adamw_lr0p001_seed1,0.4091338217258453,0.955078125,0.953125,10.694730758666992,0.984375,0.9375,2500,two_layer_attn,all,256,4,64,128,128,512,7,adamw,0.001,0.02,1,43.36232959991321,756480,756480,64,320000,20800000,512,0.1428571428571428,arch,2L-attn,two_layer_attn,all,adamw,0.001,1,64,256,2500,0.784765625,750.0
arch_2l_attn_seq64_d64_adamw_lr0p001_seed0,0.2752473652362823,0.931640625,0.931640625,7.805804252624512,0.9921875,0.859375,2500,two_layer_attn,all,64,4,64,128,128,512,7,adamw,0.001,0.02,0,28.475649499800056,90816,90816,64,320000,20800000,512,0.1428571428571428,arch,2L-attn,two_layer_attn,all,adamw,0.001,0,64,64,2500,0.44853515625,1750.0
arch_2l_attn_seq64_d64_adamw_lr0p001_seed1,0.2096982300281524,0.958984375,0.958984375,9.012707710266112,0.9921875,0.953125,2500,two_layer_attn,all,64,4,64,128,128,512,7,adamw,0.001,0.02,1,31.29015420004725,90816,90816,64,320000,20800000,512,0.1428571428571428,arch,2L-attn,two_layer_attn,all,adamw,0.001,1,64,64,2500,0.59453125,1500.0
arch_2l_embed_only_seq16_d128_adamw_lr0p001_seed0,4.859155654907227,0.14453125,0.078125,-1.5873777866363523,0.0859375,0.1953125,2500,two_layer_attn,embedding_only,128,4,16,128,128,512,7,adamw,0.001,0.02,0,25.19755609985441,241024,108672,16,320000,5440000,512,0.1428571428571428,arch,2L-embed-only,two_layer_attn,embedding_only,adamw,0.001,0,16,128,2500,0.14365234375,
arch_2l_embed_only_seq16_d128_adamw_lr0p001_seed1,4.806471347808838,0.1484375,0.08203125,-1.5251376628875732,0.1328125,0.140625,2500,two_layer_attn,embedding_only,128,4,16,128,128,512,7,adamw,0.001,0.02,1,25.553672400070354,241024,108672,16,320000,5440000,512,0.1428571428571428,arch,2L-embed-only,two_layer_attn,embedding_only,adamw,0.001,1,16,128,2500,0.14541015625,
arch_2l_embed_only_seq16_d256_adamw_lr0p001_seed0,3.604733467102051,0.134765625,0.126953125,-1.9480109214782717,0.1484375,0.140625,2500,two_layer_attn,embedding_only,256,4,16,128,128,512,7,adamw,0.001,0.02,0,26.096485699992627,744192,217344,16,320000,5440000,512,0.1428571428571428,arch,2L-embed-only,two_layer_attn,embedding_only,adamw,0.001,0,16,256,2500,0.1525390625,
arch_2l_embed_only_seq16_d256_adamw_lr0p001_seed1,3.729690551757813,0.134765625,0.1328125,-2.017021417617798,0.15625,0.140625,2500,two_layer_attn,embedding_only,256,4,16,128,128,512,7,adamw,0.001,0.02,1,25.530177500098944,744192,217344,16,320000,5440000,512,0.1428571428571428,arch,2L-embed-only,two_layer_attn,embedding_only,adamw,0.001,1,16,256,2500,0.1513671875,
arch_2l_embed_only_seq16_d64_adamw_lr0p001_seed0,5.876229286193848,0.146484375,0.021484375,-0.9206810593605042,0.1328125,0.15625,2500,two_layer_attn,embedding_only,64,4,16,128,128,512,7,adamw,0.001,0.02,0,26.85528130014427,87744,54336,16,320000,5440000,512,0.1428571428571428,arch,2L-embed-only,two_layer_attn,embedding_only,adamw,0.001,0,16,64,2500,0.14345703125,
arch_2l_embed_only_seq16_d64_adamw_lr0p001_seed1,5.901334762573242,0.123046875,0.01171875,-0.9923100471496582,0.1484375,0.1015625,2500,two_layer_attn,embedding_only,64,4,16,128,128,512,7,adamw,0.001,0.02,1,26.095343300141398,87744,54336,16,320000,5440000,512,0.1428571428571428,arch,2L-embed-only,two_layer_attn,embedding_only,adamw,0.001,1,16,64,2500,0.14130859375,
arch_2l_embed_only_seq32_d128_adamw_lr0p001_seed0,5.243459701538086,0.16015625,0.05859375,-1.3396964073181152,0.15625,0.1484375,2500,two_layer_attn,embedding_only,128,4,32,128,128,512,7,adamw,0.001,0.02,0,26.874786800006405,243072,110720,32,320000,10560000,512,0.1428571428571428,arch,2L-embed-only,two_layer_attn,embedding_only,adamw,0.001,0,32,128,2500,0.144921875,
arch_2l_embed_only_seq32_d128_adamw_lr0p001_seed1,5.284010410308838,0.140625,0.041015625,-1.3473832607269287,0.1328125,0.1796875,2500,two_layer_attn,embedding_only,128,4,32,128,128,512,7,adamw,0.001,0.02,1,26.29256880003959,243072,110720,32,320000,10560000,512,0.1428571428571428,arch,2L-embed-only,two_layer_attn,embedding_only,adamw,0.001,1,32,128,2500,0.1474609375,
arch_2l_embed_only_seq32_d256_adamw_lr0p001_seed0,3.7432961463928223,0.119140625,0.11328125,-1.984881043434143,0.1640625,0.1171875,2500,two_layer_attn,embedding_only,256,4,32,128,128,512,7,adamw,0.001,0.02,0,27.97909069992602,748288,221440,32,320000,10560000,512,0.1428571428571428,arch,2L-embed-only,two_layer_attn,embedding_only,adamw,0.001,0,32,256,2500,0.14189453125,
arch_2l_embed_only_seq32_d256_adamw_lr0p001_seed1,3.631181001663208,0.16796875,0.166015625,-1.735309600830078,0.1484375,0.171875,2500,two_layer_attn,embedding_only,256,4,32,128,128,512,7,adamw,0.001,0.02,1,27.766444999957457,748288,221440,32,320000,10560000,512,0.1428571428571428,arch,2L-embed-only,two_layer_attn,embedding_only,adamw,0.001,1,32,256,2500,0.15146484375,
arch_2l_embed_only_seq32_d64_adamw_lr0p001_seed0,6.087071895599365,0.154296875,0.01171875,-0.5565001964569092,0.1875,0.140625,2500,two_layer_attn,embedding_only,64,4,32,128,128,512,7,adamw,0.001,0.02,0,27.464846199844036,88768,55360,32,320000,10560000,512,0.1428571428571428,arch,2L-embed-only,two_layer_attn,embedding_only,adamw,0.001,0,32,64,2500,0.14189453125,
arch_2l_embed_only_seq32_d64_adamw_lr0p001_seed1,6.099143981933594,0.138671875,0.0078125,-0.5605001449584961,0.09375,0.140625,2500,two_layer_attn,embedding_only,64,4,32,128,128,512,7,adamw,0.001,0.02,1,28.45581970014609,88768,55360,32,320000,10560000,512,0.1428571428571428,arch,2L-embed-only,two_layer_attn,embedding_only,adamw,0.001,1,32,64,2500,0.1474609375,
arch_2l_embed_only_seq64_d128_adamw_lr0p001_seed0,5.897854328155518,0.146484375,0.01171875,-0.7959302663803101,0.15625,0.15625,2500,two_layer_attn,embedding_only,128,4,64,128,128,512,7,adamw,0.001,0.02,0,31.46458310005255,247168,114816,64,320000,20800000,512,0.1428571428571428,arch,2L-embed-only,two_layer_attn,embedding_only,adamw,0.001,0,64,128,2500,0.13564453125,
arch_2l_embed_only_seq64_d128_adamw_lr0p001_seed1,5.912351608276367,0.158203125,0.021484375,-0.7708142399787903,0.1953125,0.1875,2500,two_layer_attn,embedding_only,128,4,64,128,128,512,7,adamw,0.001,0.02,1,31.06441630003974,247168,114816,64,320000,20800000,512,0.1428571428571428,arch,2L-embed-only,two_layer_attn,embedding_only,adamw,0.001,1,64,128,2500,0.14775390625,
arch_2l_embed_only_seq64_d256_adamw_lr0p001_seed0,3.9029507637023926,0.140625,0.12109375,-1.9418050050735476,0.1640625,0.1015625,2500,two_layer_attn,embedding_only,256,4,64,128,128,512,7,adamw,0.001,0.02,0,38.332620200002566,756480,229632,64,320000,20800000,512,0.1428571428571428,arch,2L-embed-only,two_layer_attn,embedding_only,adamw,0.001,0,64,256,2500,0.14521484375,
arch_2l_embed_only_seq64_d256_adamw_lr0p001_seed1,3.8050241470336914,0.140625,0.13671875,-1.8282628059387207,0.125,0.140625,2500,two_layer_attn,embedding_only,256,4,64,128,128,512,7,adamw,0.001,0.02,1,39.01619259989821,756480,229632,64,320000,20800000,512,0.1428571428571428,arch,2L-embed-only,two_layer_attn,embedding_only,adamw,0.001,1,64,256,2500,0.15283203125,
arch_2l_embed_only_seq64_d64_adamw_lr0p001_seed0,6.246505737304688,0.134765625,0.0,-0.2564562559127807,0.109375,0.140625,2500,two_layer_attn,embedding_only,64,4,64,128,128,512,7,adamw,0.001,0.02,0,27.76874960004352,90816,57408,64,320000,20800000,512,0.1428571428571428,arch,2L-embed-only,two_layer_attn,embedding_only,adamw,0.001,0,64,64,2500,0.14814453125,
arch_2l_embed_only_seq64_d64_adamw_lr0p001_seed1,6.2381439208984375,0.16015625,0.0,-0.2362850457429886,0.140625,0.1796875,2500,two_layer_attn,embedding_only,64,4,64,128,128,512,7,adamw,0.001,0.02,1,30.1982452000957,90816,57408,64,320000,20800000,512,0.1428571428571428,arch,2L-embed-only,two_layer_attn,embedding_only,adamw,0.001,1,64,64,2500,0.14521484375,
arch_2l_fixed_embed_seq16_d128_adamw_lr0p001_seed0,0.4679582417011261,0.984375,0.984375,6.603849411010742,1.0,0.9453125,2500,two_layer_attn,no_embedding_train,128,4,16,128,128,512,7,adamw,0.001,0.02,0,26.15137589978985,241024,132352,16,320000,5440000,512,0.1428571428571428,arch,2L-fixed-embed,two_layer_attn,no_embedding_train,adamw,0.001,0,16,128,2500,0.86572265625,500.0
arch_2l_fixed_embed_seq16_d128_adamw_lr0p001_seed1,0.4346445202827453,0.9921875,0.9921875,6.725156784057617,1.0,0.9921875,2500,two_layer_attn,no_embedding_train,128,4,16,128,128,512,7,adamw,0.001,0.02,1,26.85406140005216,241024,132352,16,320000,5440000,512,0.1428571428571428,arch,2L-fixed-embed,two_layer_attn,no_embedding_train,adamw,0.001,1,16,128,2500,0.85576171875,500.0
arch_2l_fixed_embed_seq16_d256_adamw_lr0p001_seed0,0.1195736452937126,0.990234375,0.990234375,8.888648986816406,0.9921875,0.984375,2500,two_layer_attn,no_embedding_train,256,4,16,128,128,512,7,adamw,0.001,0.02,0,26.552371399942786,744192,526848,16,320000,5440000,512,0.1428571428571428,arch,2L-fixed-embed,two_layer_attn,no_embedding_train,adamw,0.001,0,16,256,2500,0.8919921875,500.0
arch_2l_fixed_embed_seq16_d256_adamw_lr0p001_seed1,0.0920304208993911,0.984375,0.984375,9.235053062438965,0.9921875,0.984375,2500,two_layer_attn,no_embedding_train,256,4,16,128,128,512,7,adamw,0.001,0.02,1,27.092408400028944,744192,526848,16,320000,5440000,512,0.1428571428571428,arch,2L-fixed-embed,two_layer_attn,no_embedding_train,adamw,0.001,1,16,256,2500,0.89384765625,500.0
arch_2l_fixed_embed_seq16_d64_adamw_lr0p001_seed0,3.5410542488098145,0.837890625,0.837890625,2.135948181152344,1.0,0.75,2500,two_layer_attn,no_embedding_train,64,4,16,128,128,512,7,adamw,0.001,0.02,0,26.35793590010144,87744,33408,16,320000,5440000,512,0.1428571428571428,arch,2L-fixed-embed,two_layer_attn,no_embedding_train,adamw,0.001,0,16,64,2500,0.61689453125,2500.0
arch_2l_fixed_embed_seq16_d64_adamw_lr0p001_seed1,3.225178003311157,0.916015625,0.916015625,2.6760354042053223,1.0,0.8125,2500,two_layer_attn,no_embedding_train,64,4,16,128,128,512,7,adamw,0.001,0.02,1,26.988334900001064,87744,33408,16,320000,5440000,512,0.1428571428571428,arch,2L-fixed-embed,two_layer_attn,no_embedding_train,adamw,0.001,1,16,64,2500,0.67314453125,1500.0
arch_2l_fixed_embed_seq32_d128_adamw_lr0p001_seed0,0.7486274242401123,0.953125,0.953125,5.953006744384766,1.0,0.8828125,2500,two_layer_attn,no_embedding_train,128,4,32,128,128,512,7,adamw,0.001,0.02,0,26.164459200110286,243072,132352,32,320000,10560000,512,0.1428571428571428,arch,2L-fixed-embed,two_layer_attn,no_embedding_train,adamw,0.001,0,32,128,2500,0.7767578125,750.0
arch_2l_fixed_embed_seq32_d128_adamw_lr0p001_seed1,1.0313960313796997,0.919921875,0.919921875,5.342401027679443,1.0,0.859375,2500,two_layer_attn,no_embedding_train,128,4,32,128,128,512,7,adamw,0.001,0.02,1,25.17201319988817,243072,132352,32,320000,10560000,512,0.1428571428571428,arch,2L-fixed-embed,two_layer_attn,no_embedding_train,adamw,0.001,1,32,128,2500,0.70263671875,1250.0
arch_2l_fixed_embed_seq32_d256_adamw_lr0p001_seed0,0.1931468546390533,0.966796875,0.966796875,8.737930297851562,0.9921875,0.9375,2500,two_layer_attn,no_embedding_train,256,4,32,128,128,512,7,adamw,0.001,0.02,0,26.00114419986494,748288,526848,32,320000,10560000,512,0.1428571428571428,arch,2L-fixed-embed,two_layer_attn,no_embedding_train,adamw,0.001,0,32,256,2500,0.83291015625,750.0
arch_2l_fixed_embed_seq32_d256_adamw_lr0p001_seed1,0.1414789855480194,0.986328125,0.986328125,8.787652969360352,1.0,0.9609375,2500,two_layer_attn,no_embedding_train,256,4,32,128,128,512,7,adamw,0.001,0.02,1,25.914233800023798,748288,526848,32,320000,10560000,512,0.1428571428571428,arch,2L-fixed-embed,two_layer_attn,no_embedding_train,adamw,0.001,1,32,256,2500,0.8408203125,500.0
arch_2l_fixed_embed_seq32_d64_adamw_lr0p001_seed0,3.367596387863159,0.8515625,0.8515625,2.32222580909729,0.984375,0.6796875,2500,two_layer_attn,no_embedding_train,64,4,32,128,128,512,7,adamw,0.001,0.02,0,28.78205529996194,88768,33408,32,320000,10560000,512,0.1428571428571428,arch,2L-fixed-embed,two_layer_attn,no_embedding_train,adamw,0.001,0,32,64,2500,0.621484375,1500.0
arch_2l_fixed_embed_seq32_d64_adamw_lr0p001_seed1,3.0245614051818848,0.916015625,0.912109375,2.866306781768799,1.0,0.875,2500,two_layer_attn,no_embedding_train,64,4,32,128,128,512,7,adamw,0.001,0.02,1,27.17747680004686,88768,33408,32,320000,10560000,512,0.1428571428571428,arch,2L-fixed-embed,two_layer_attn,no_embedding_train,adamw,0.001,1,32,64,2500,0.6470703125,1250.0
arch_2l_fixed_embed_seq64_d128_adamw_lr0p001_seed0,0.6902827024459839,0.95703125,0.95703125,6.04603910446167,1.0,0.9296875,2500,two_layer_attn,no_embedding_train,128,4,64,128,128,512,7,adamw,0.001,0.02,0,28.426157200010493,247168,132352,64,320000,20800000,512,0.1428571428571428,arch,2L-fixed-embed,two_layer_attn,no_embedding_train,adamw,0.001,0,64,128,2500,0.6771484375,1250.0
arch_2l_fixed_embed_seq64_d128_adamw_lr0p001_seed1,0.7000929713249207,0.96484375,0.9609375,6.009863376617432,0.984375,0.921875,2500,two_layer_attn,no_embedding_train,128,4,64,128,128,512,7,adamw,0.001,0.02,1,29.135754599934444,247168,132352,64,320000,20800000,512,0.1428571428571428,arch,2L-fixed-embed,two_layer_attn,no_embedding_train,adamw,0.001,1,64,128,2500,0.722265625,1000.0
arch_2l_fixed_embed_seq64_d256_adamw_lr0p001_seed0,0.1707694977521896,0.9765625,0.9765625,8.707115173339844,1.0,0.953125,2500,two_layer_attn,no_embedding_train,256,4,64,128,128,512,7,adamw,0.001,0.02,0,37.81307759997435,756480,526848,64,320000,20800000,512,0.1428571428571428,arch,2L-fixed-embed,two_layer_attn,no_embedding_train,adamw,0.001,0,64,256,2500,0.77353515625,750.0
arch_2l_fixed_embed_seq64_d256_adamw_lr0p001_seed1,0.3244993686676025,0.951171875,0.951171875,8.193262100219727,0.9765625,0.9296875,2500,two_layer_attn,no_embedding_train,256,4,64,128,128,512,7,adamw,0.001,0.02,1,38.01912699989043,756480,526848,64,320000,20800000,512,0.1428571428571428,arch,2L-fixed-embed,two_layer_attn,no_embedding_train,adamw,0.001,1,64,256,2500,0.78359375,750.0
arch_2l_fixed_embed_seq64_d64_adamw_lr0p001_seed0,3.944403648376465,0.74609375,0.74609375,1.436285376548767,1.0,0.53125,2500,two_layer_attn,no_embedding_train,64,4,64,128,128,512,7,adamw,0.001,0.02,0,26.760135699994866,90816,33408,64,320000,20800000,512,0.1428571428571428,arch,2L-fixed-embed,two_layer_attn,no_embedding_train,adamw,0.001,0,64,64,2500,0.333203125,
arch_2l_fixed_embed_seq64_d64_adamw_lr0p001_seed1,5.491329669952393,0.302734375,0.30078125,-1.0890781879425049,0.625,0.1875,2500,two_layer_attn,no_embedding_train,64,4,64,128,128,512,7,adamw,0.001,0.02,1,27.692833399865776,90816,33408,64,320000,20800000,512,0.1428571428571428,arch,2L-fixed-embed,two_layer_attn,no_embedding_train,adamw,0.001,1,64,64,2500,0.174609375,
arch_2l_freeze_qk_seq16_d128_adamw_lr0p001_seed0,3.339522123336792,0.2421875,0.23046875,-1.6307356357574463,0.4609375,0.1875,2500,two_layer_attn,no_qk_train,128,4,16,128,128,512,7,adamw,0.001,0.02,0,27.70449659996666,241024,175488,16,320000,5440000,512,0.1428571428571428,arch,2L-freeze-QK,two_layer_attn,no_qk_train,adamw,0.001,0,16,128,2500,0.15576171875,
arch_2l_freeze_qk_seq16_d128_adamw_lr0p001_seed1,3.22194766998291,0.25390625,0.248046875,-1.4354171752929688,0.578125,0.078125,2500,two_layer_attn,no_qk_train,128,4,16,128,128,512,7,adamw,0.001,0.02,1,27.43637730018236,241024,175488,16,320000,5440000,512,0.1428571428571428,arch,2L-freeze-QK,two_layer_attn,no_qk_train,adamw,0.001,1,16,128,2500,0.16376953125,
arch_2l_freeze_qk_seq16_d256_adamw_lr0p001_seed0,2.851886034011841,0.240234375,0.240234375,-1.394984483718872,0.5390625,0.1171875,2500,two_layer_attn,no_qk_train,256,4,16,128,128,512,7,adamw,0.001,0.02,0,26.293428799835965,744192,482048,16,320000,5440000,512,0.1428571428571428,arch,2L-freeze-QK,two_layer_attn,no_qk_train,adamw,0.001,0,16,256,2500,0.1611328125,
arch_2l_freeze_qk_seq16_d256_adamw_lr0p001_seed1,0.8281774520874023,0.7734375,0.767578125,3.1670455932617188,0.8671875,0.7421875,2500,two_layer_attn,no_qk_train,256,4,16,128,128,512,7,adamw,0.001,0.02,1,26.76444049994461,744192,482048,16,320000,5440000,512,0.1428571428571428,arch,2L-freeze-QK,two_layer_attn,no_qk_train,adamw,0.001,1,16,256,2500,0.23349609375,
arch_2l_freeze_qk_seq16_d64_adamw_lr0p001_seed0,4.5206403732299805,0.138671875,0.109375,-2.130354881286621,0.265625,0.0859375,2500,two_layer_attn,no_qk_train,64,4,16,128,128,512,7,adamw,0.001,0.02,0,26.62006080010906,87744,71360,16,320000,5440000,512,0.1428571428571428,arch,2L-freeze-QK,two_layer_attn,no_qk_train,adamw,0.001,0,16,64,2500,0.13837890625,
arch_2l_freeze_qk_seq16_d64_adamw_lr0p001_seed1,4.435958862304688,0.162109375,0.154296875,-2.442399501800537,0.3203125,0.078125,2500,two_layer_attn,no_qk_train,64,4,16,128,128,512,7,adamw,0.001,0.02,1,26.544869299978014,87744,71360,16,320000,5440000,512,0.1428571428571428,arch,2L-freeze-QK,two_layer_attn,no_qk_train,adamw,0.001,1,16,64,2500,0.13427734375,
arch_2l_freeze_qk_seq32_d128_adamw_lr0p001_seed0,3.462676525115967,0.119140625,0.115234375,-2.074692249298096,0.171875,0.1328125,2500,two_layer_attn,no_qk_train,128,4,32,128,128,512,7,adamw,0.001,0.02,0,26.043298000004143,243072,177536,32,320000,10560000,512,0.1428571428571428,arch,2L-freeze-QK,two_layer_attn,no_qk_train,adamw,0.001,0,32,128,2500,0.14775390625,
arch_2l_freeze_qk_seq32_d128_adamw_lr0p001_seed1,3.4819955825805664,0.125,0.123046875,-2.075006484985352,0.1171875,0.125,2500,two_layer_attn,no_qk_train,128,4,32,128,128,512,7,adamw,0.001,0.02,1,27.31216929992661,243072,177536,32,320000,10560000,512,0.1428571428571428,arch,2L-freeze-QK,two_layer_attn,no_qk_train,adamw,0.001,1,32,128,2500,0.14140625,
arch_2l_freeze_qk_seq32_d256_adamw_lr0p001_seed0,2.876430988311768,0.16796875,0.16796875,-1.69733726978302,0.1796875,0.1796875,2500,two_layer_attn,no_qk_train,256,4,32,128,128,512,7,adamw,0.001,0.02,0,29.39076899993233,748288,486144,32,320000,10560000,512,0.1428571428571428,arch,2L-freeze-QK,two_layer_attn,no_qk_train,adamw,0.001,0,32,256,2500,0.1453125,
arch_2l_freeze_qk_seq32_d256_adamw_lr0p001_seed1,2.9938013553619385,0.115234375,0.115234375,-1.8250102996826167,0.1640625,0.0859375,2500,two_layer_attn,no_qk_train,256,4,32,128,128,512,7,adamw,0.001,0.02,1,29.815625300165262,748288,486144,32,320000,10560000,512,0.1428571428571428,arch,2L-freeze-QK,two_layer_attn,no_qk_train,adamw,0.001,1,32,256,2500,0.148828125,
arch_2l_freeze_qk_seq32_d64_adamw_lr0p001_seed0,4.607299327850342,0.15234375,0.09765625,-1.9540033340454104,0.1640625,0.125,2500,two_layer_attn,no_qk_train,64,4,32,128,128,512,7,adamw,0.001,0.02,0,27.73585449997336,88768,72384,32,320000,10560000,512,0.1428571428571428,arch,2L-freeze-QK,two_layer_attn,no_qk_train,adamw,0.001,0,32,64,2500,0.1404296875,
arch_2l_freeze_qk_seq32_d64_adamw_lr0p001_seed1,4.914740562438965,0.130859375,0.07421875,-2.139410257339477,0.1953125,0.1328125,2500,two_layer_attn,no_qk_train,64,4,32,128,128,512,7,adamw,0.001,0.02,1,26.480132299941037,88768,72384,32,320000,10560000,512,0.1428571428571428,arch,2L-freeze-QK,two_layer_attn,no_qk_train,adamw,0.001,1,32,64,2500,0.1392578125,
arch_2l_freeze_qk_seq64_d128_adamw_lr0p001_seed0,3.8482935428619385,0.13671875,0.126953125,-2.1128201484680176,0.1171875,0.15625,2500,two_layer_attn,no_qk_train,128,4,64,128,128,512,7,adamw,0.001,0.02,0,33.31625530007295,247168,181632,64,320000,20800000,512,0.1428571428571428,arch,2L-freeze-QK,two_layer_attn,no_qk_train,adamw,0.001,0,64,128,2500,0.142578125,
arch_2l_freeze_qk_seq64_d128_adamw_lr0p001_seed1,3.927078485488892,0.13671875,0.123046875,-2.002847671508789,0.1484375,0.109375,2500,two_layer_attn,no_qk_train,128,4,64,128,128,512,7,adamw,0.001,0.02,1,32.32179749989882,247168,181632,64,320000,20800000,512,0.1428571428571428,arch,2L-freeze-QK,two_layer_attn,no_qk_train,adamw,0.001,1,64,128,2500,0.1513671875,
arch_2l_freeze_qk_seq64_d256_adamw_lr0p001_seed0,3.093425035476685,0.12109375,0.12109375,-1.8854961395263672,0.1015625,0.1328125,2500,two_layer_attn,no_qk_train,256,4,64,128,128,512,7,adamw,0.001,0.02,0,40.90783439995721,756480,494336,64,320000,20800000,512,0.1428571428571428,arch,2L-freeze-QK,two_layer_attn,no_qk_train,adamw,0.001,0,64,256,2500,0.13974609375,
arch_2l_freeze_qk_seq64_d256_adamw_lr0p001_seed1,2.855548858642578,0.158203125,0.158203125,-1.619584560394287,0.1484375,0.15625,2500,two_layer_attn,no_qk_train,256,4,64,128,128,512,7,adamw,0.001,0.02,1,42.13115749997087,756480,494336,64,320000,20800000,512,0.1428571428571428,arch,2L-freeze-QK,two_layer_attn,no_qk_train,adamw,0.001,1,64,256,2500,0.1529296875,
arch_2l_freeze_qk_seq64_d64_adamw_lr0p001_seed0,5.346181869506836,0.142578125,0.04296875,-1.4006813764572144,0.1953125,0.1171875,2500,two_layer_attn,no_qk_train,64,4,64,128,128,512,7,adamw,0.001,0.02,0,28.97540539992042,90816,74432,64,320000,20800000,512,0.1428571428571428,arch,2L-freeze-QK,two_layer_attn,no_qk_train,adamw,0.001,0,64,64,2500,0.14033203125,
arch_2l_freeze_qk_seq64_d64_adamw_lr0p001_seed1,5.27193546295166,0.140625,0.037109375,-1.4434692859649658,0.1328125,0.1484375,2500,two_layer_attn,no_qk_train,64,4,64,128,128,512,7,adamw,0.001,0.02,1,33.31594649981707,90816,74432,64,320000,20800000,512,0.1428571428571428,arch,2L-freeze-QK,two_layer_attn,no_qk_train,adamw,0.001,1,64,64,2500,0.15673828125,
arch_2l_full_seq16_d128_adamw_lr0p001_seed0,0.251179039478302,0.951171875,0.947265625,9.656895637512209,1.0,0.9375,2500,two_layer_full,all,128,4,16,128,128,512,7,adamw,0.001,0.02,0,30.99749069986865,504448,504448,16,320000,5440000,512,0.1428571428571428,arch,2L-full,two_layer_full,all,adamw,0.001,0,16,128,2500,0.7814453125,750.0
arch_2l_full_seq16_d128_adamw_lr0p001_seed1,0.3632305562496185,0.9453125,0.94140625,9.462448120117188,0.984375,0.9140625,2500,two_layer_full,all,128,4,16,128,128,512,7,adamw,0.001,0.02,1,31.218449000036344,504448,504448,16,320000,5440000,512,0.1428571428571428,arch,2L-full,two_layer_full,all,adamw,0.001,1,16,128,2500,0.79208984375,750.0
arch_2l_full_seq16_d256_adamw_lr0p001_seed0,3.3577663898468018,0.466796875,0.45703125,0.2991655468940735,0.8515625,0.1484375,2500,two_layer_full,all,256,4,16,128,128,512,7,adamw,0.001,0.02,0,30.90369860013016,1795328,1795328,16,320000,5440000,512,0.1428571428571428,arch,2L-full,two_layer_full,all,adamw,0.001,0,16,256,2500,0.39140625,
arch_2l_full_seq16_d256_adamw_lr0p001_seed1,3.0050954818725586,0.5390625,0.525390625,1.392357587814331,0.90625,0.265625,2500,two_layer_full,all,256,4,16,128,128,512,7,adamw,0.001,0.02,1,30.77268910012208,1795328,1795328,16,320000,5440000,512,0.1428571428571428,arch,2L-full,two_layer_full,all,adamw,0.001,1,16,256,2500,0.39501953125,
arch_2l_full_seq16_d64_adamw_lr0p001_seed0,0.1507586687803268,0.978515625,0.9765625,9.196433067321776,0.9921875,0.953125,2500,two_layer_full,all,64,4,16,128,128,512,7,adamw,0.001,0.02,0,32.40139240003191,153920,153920,16,320000,5440000,512,0.1428571428571428,arch,2L-full,two_layer_full,all,adamw,0.001,0,16,64,2500,0.7103515625,1000.0
arch_2l_full_seq16_d64_adamw_lr0p001_seed1,0.2797643840312958,0.947265625,0.9453125,8.879993438720703,0.984375,0.921875,2500,two_layer_full,all,64,4,16,128,128,512,7,adamw,0.001,0.02,1,31.21531010000035,153920,153920,16,320000,5440000,512,0.1428571428571428,arch,2L-full,two_layer_full,all,adamw,0.001,1,16,64,2500,0.741015625,1000.0
arch_2l_full_seq32_d128_adamw_lr0p001_seed0,0.4420353770256042,0.921875,0.919921875,8.626052856445312,0.953125,0.8203125,2500,two_layer_full,all,128,4,32,128,128,512,7,adamw,0.001,0.02,0,34.59836479998194,506496,506496,32,320000,10560000,512,0.1428571428571428,arch,2L-full,two_layer_full,all,adamw,0.001,0,32,128,2500,0.6666015625,1250.0
arch_2l_full_seq32_d128_adamw_lr0p001_seed1,3.729046106338501,0.1484375,0.138671875,-2.004321575164795,0.140625,0.1171875,2500,two_layer_full,all,128,4,32,128,128,512,7,adamw,0.001,0.02,1,34.58751620003022,506496,506496,32,320000,10560000,512,0.1428571428571428,arch,2L-full,two_layer_full,all,adamw,0.001,1,32,128,2500,0.15537109375,
arch_2l_full_seq32_d256_adamw_lr0p001_seed0,3.8011438846588135,0.392578125,0.384765625,-0.5746132731437683,0.75,0.1953125,2500,two_layer_full,all,256,4,32,128,128,512,7,adamw,0.001,0.02,0,42.64771550009027,1799424,1799424,32,320000,10560000,512,0.1428571428571428,arch,2L-full,two_layer_full,all,adamw,0.001,0,32,256,2500,0.303125,
arch_2l_full_seq32_d256_adamw_lr0p001_seed1,3.816221714019776,0.361328125,0.333984375,-0.7104579210281372,0.75,0.15625,2500,two_layer_full,all,256,4,32,128,128,512,7,adamw,0.001,0.02,1,43.37279510009103,1799424,1799424,32,320000,10560000,512,0.1428571428571428,arch,2L-full,two_layer_full,all,adamw,0.001,1,32,256,2500,0.27548828125,
arch_2l_full_seq32_d64_adamw_lr0p001_seed0,4.247019767761231,0.140625,0.111328125,-2.1102819442749023,0.140625,0.125,2500,two_layer_full,all,64,4,32,128,128,512,7,adamw,0.001,0.02,0,33.88645680015907,154944,154944,32,320000,10560000,512,0.1428571428571428,arch,2L-full,two_layer_full,all,adamw,0.001,0,32,64,2500,0.1435546875,
arch_2l_full_seq32_d64_adamw_lr0p001_seed1,4.2103271484375,0.12890625,0.103515625,-2.056681871414185,0.1015625,0.1171875,2500,two_layer_full,all,64,4,32,128,128,512,7,adamw,0.001,0.02,1,33.66950680012815,154944,154944,32,320000,10560000,512,0.1428571428571428,arch,2L-full,two_layer_full,all,adamw,0.001,1,32,64,2500,0.14326171875,
arch_2l_full_seq64_d128_adamw_lr0p001_seed0,3.979041337966919,0.15625,0.13671875,-2.186067581176758,0.1328125,0.1875,2500,two_layer_full,all,128,4,64,128,128,512,7,adamw,0.001,0.02,0,40.376944000134245,510592,510592,64,320000,20800000,512,0.1428571428571428,arch,2L-full,two_layer_full,all,adamw,0.001,0,64,128,2500,0.14638671875,
arch_2l_full_seq64_d128_adamw_lr0p001_seed1,3.965873956680298,0.146484375,0.12890625,-2.111578941345215,0.1015625,0.1796875,2500,two_layer_full,all,128,4,64,128,128,512,7,adamw,0.001,0.02,1,41.00614650011994,510592,510592,64,320000,20800000,512,0.1428571428571428,arch,2L-full,two_layer_full,all,adamw,0.001,1,64,128,2500,0.147265625,
arch_2l_full_seq64_d256_adamw_lr0p001_seed0,4.1748456954956055,0.353515625,0.3125,-0.9584113359451294,0.75,0.09375,2500,two_layer_full,all,256,4,64,128,128,512,7,adamw,0.001,0.02,0,68.0316637000069,1807616,1807616,64,320000,20800000,512,0.1428571428571428,arch,2L-full,two_layer_full,all,adamw,0.001,0,64,256,2500,0.234765625,
arch_2l_full_seq64_d256_adamw_lr0p001_seed1,3.456504821777344,0.509765625,0.474609375,0.1932938992977142,0.8515625,0.203125,2500,two_layer_full,all,256,4,64,128,128,512,7,adamw,0.001,0.02,1,68.39976849989034,1807616,1807616,64,320000,20800000,512,0.1428571428571428,arch,2L-full,two_layer_full,all,adamw,0.001,1,64,256,2500,0.32314453125,
arch_2l_full_seq64_d64_adamw_lr0p001_seed0,4.366887092590332,0.142578125,0.10546875,-2.110203266143799,0.140625,0.1171875,2500,two_layer_full,all,64,4,64,128,128,512,7,adamw,0.001,0.02,0,35.4580914999824,156992,156992,64,320000,20800000,512,0.1428571428571428,arch,2L-full,two_layer_full,all,adamw,0.001,0,64,64,2500,0.1388671875,
arch_2l_full_seq64_d64_adamw_lr0p001_seed1,4.357968807220459,0.130859375,0.09765625,-2.074471473693848,0.109375,0.0859375,2500,two_layer_full,all,64,4,64,128,128,512,7,adamw,0.001,0.02,1,35.43207120010629,156992,156992,64,320000,20800000,512,0.1428571428571428,arch,2L-full,two_layer_full,all,adamw,0.001,1,64,64,2500,0.14580078125,
arch_2l_no_pos_seq16_d128_adamw_lr0p001_seed0,2.5088484287261963,0.45703125,0.44140625,0.2005431354045868,0.7890625,0.1953125,2500,two_layer_no_pos,all,128,4,16,128,128,512,7,adamw,0.001,0.02,0,27.319038199959323,238976,238976,16,320000,5440000,512,0.1428571428571428,arch,2L-no-pos,two_layer_no_pos,all,adamw,0.001,0,16,128,2500,0.34775390625,
arch_2l_no_pos_seq16_d128_adamw_lr0p001_seed1,2.6509158611297607,0.4140625,0.41015625,-0.1466267704963684,0.8046875,0.1875,2500,two_layer_no_pos,all,128,4,16,128,128,512,7,adamw,0.001,0.02,1,26.81874389993027,238976,238976,16,320000,5440000,512,0.1428571428571428,arch,2L-no-pos,two_layer_no_pos,all,adamw,0.001,1,16,128,2500,0.33291015625,
arch_2l_no_pos_seq16_d256_adamw_lr0p001_seed0,2.414010763168335,0.484375,0.484375,0.3580193519592285,0.8359375,0.1796875,2500,two_layer_no_pos,all,256,4,16,128,128,512,7,adamw,0.001,0.02,0,26.2556452001445,740096,740096,16,320000,5440000,512,0.1428571428571428,arch,2L-no-pos,two_layer_no_pos,all,adamw,0.001,0,16,256,2500,0.35693359375,
arch_2l_no_pos_seq16_d256_adamw_lr0p001_seed1,2.5374467372894287,0.474609375,0.470703125,0.1086251437664032,0.828125,0.28125,2500,two_layer_no_pos,all,256,4,16,128,128,512,7,adamw,0.001,0.02,1,27.44904619990848,740096,740096,16,320000,5440000,512,0.1428571428571428,arch,2L-no-pos,two_layer_no_pos,all,adamw,0.001,1,16,256,2500,0.332421875,
arch_2l_no_pos_seq16_d64_adamw_lr0p001_seed0,3.0313832759857178,0.373046875,0.35546875,-0.5678761601448059,0.734375,0.2421875,2500,two_layer_no_pos,all,64,4,16,128,128,512,7,adamw,0.001,0.02,0,23.406967799877748,86720,86720,16,320000,5440000,512,0.1428571428571428,arch,2L-no-pos,two_layer_no_pos,all,adamw,0.001,0,16,64,2500,0.3072265625,
arch_2l_no_pos_seq16_d64_adamw_lr0p001_seed1,3.272059679031372,0.37890625,0.359375,-0.9029642939567566,0.7421875,0.2109375,2500,two_layer_no_pos,all,64,4,16,128,128,512,7,adamw,0.001,0.02,1,26.0092694000341,86720,86720,16,320000,5440000,512,0.1428571428571428,arch,2L-no-pos,two_layer_no_pos,all,adamw,0.001,1,16,64,2500,0.3025390625,
arch_2l_no_pos_seq32_d128_adamw_lr0p001_seed0,2.660057544708252,0.41796875,0.408203125,0.0424668788909912,0.75,0.171875,2500,two_layer_no_pos,all,128,4,32,128,128,512,7,adamw,0.001,0.02,0,29.68334160000086,238976,238976,32,320000,10560000,512,0.1428571428571428,arch,2L-no-pos,two_layer_no_pos,all,adamw,0.001,0,32,128,2500,0.30556640625,
arch_2l_no_pos_seq32_d128_adamw_lr0p001_seed1,2.556910753250122,0.4296875,0.427734375,0.1439756155014038,0.8046875,0.2109375,2500,two_layer_no_pos,all,128,4,32,128,128,512,7,adamw,0.001,0.02,1,29.522134199971333,238976,238976,32,320000,10560000,512,0.1428571428571428,arch,2L-no-pos,two_layer_no_pos,all,adamw,0.001,1,32,128,2500,0.3052734375,
arch_2l_no_pos_seq32_d256_adamw_lr0p001_seed0,2.8427436351776123,0.333984375,0.33203125,-0.5976142287254333,0.828125,0.1328125,2500,two_layer_no_pos,all,256,4,32,128,128,512,7,adamw,0.001,0.02,0,31.53520289994776,740096,740096,32,320000,10560000,512,0.1428571428571428,arch,2L-no-pos,two_layer_no_pos,all,adamw,0.001,0,32,256,2500,0.2669921875,
arch_2l_no_pos_seq32_d256_adamw_lr0p001_seed1,2.9227330684661865,0.3828125,0.37890625,-0.8539324402809143,0.765625,0.203125,2500,two_layer_no_pos,all,256,4,32,128,128,512,7,adamw,0.001,0.02,1,31.503427099902183,740096,740096,32,320000,10560000,512,0.1428571428571428,arch,2L-no-pos,two_layer_no_pos,all,adamw,0.001,1,32,256,2500,0.25146484375,
arch_2l_no_pos_seq32_d64_adamw_lr0p001_seed0,3.078695774078369,0.376953125,0.3515625,-0.227483868598938,0.75,0.1875,2500,two_layer_no_pos,all,64,4,32,128,128,512,7,adamw,0.001,0.02,0,31.490262100007385,86720,86720,32,320000,10560000,512,0.1428571428571428,arch,2L-no-pos,two_layer_no_pos,all,adamw,0.001,0,32,64,2500,0.27197265625,
arch_2l_no_pos_seq32_d64_adamw_lr0p001_seed1,3.2517025470733643,0.345703125,0.322265625,-0.5541613101959229,0.6640625,0.1875,2500,two_layer_no_pos,all,64,4,32,128,128,512,7,adamw,0.001,0.02,1,28.891329099889845,86720,86720,32,320000,10560000,512,0.1428571428571428,arch,2L-no-pos,two_layer_no_pos,all,adamw,0.001,1,32,64,2500,0.27705078125,
arch_2l_no_pos_seq64_d128_adamw_lr0p001_seed0,3.2804760932922363,0.142578125,0.140625,-2.0258421897888184,0.2109375,0.078125,2500,two_layer_no_pos,all,128,4,64,128,128,512,7,adamw,0.001,0.02,0,34.06511429999955,238976,238976,64,320000,20800000,512,0.1428571428571428,arch,2L-no-pos,two_layer_no_pos,all,adamw,0.001,0,64,128,2500,0.1423828125,
arch_2l_no_pos_seq64_d128_adamw_lr0p001_seed1,3.088688373565674,0.1328125,0.1328125,-1.8262724876403809,0.0859375,0.1328125,2500,two_layer_no_pos,all,128,4,64,128,128,512,7,adamw,0.001,0.02,1,32.83033929998055,238976,238976,64,320000,20800000,512,0.1428571428571428,arch,2L-no-pos,two_layer_no_pos,all,adamw,0.001,1,64,128,2500,0.14775390625,
arch_2l_no_pos_seq64_d256_adamw_lr0p001_seed0,3.2396907806396484,0.15234375,0.15234375,-1.943480491638184,0.1640625,0.171875,2500,two_layer_no_pos,all,256,4,64,128,128,512,7,adamw,0.001,0.02,0,43.30612950003706,740096,740096,64,320000,20800000,512,0.1428571428571428,arch,2L-no-pos,two_layer_no_pos,all,adamw,0.001,0,64,256,2500,0.1720703125,
arch_2l_no_pos_seq64_d256_adamw_lr0p001_seed1,3.149755954742432,0.193359375,0.189453125,-1.7929019927978516,0.2890625,0.1796875,2500,two_layer_no_pos,all,256,4,64,128,128,512,7,adamw,0.001,0.02,1,43.80768399988301,740096,740096,64,320000,20800000,512,0.1428571428571428,arch,2L-no-pos,two_layer_no_pos,all,adamw,0.001,1,64,256,2500,0.165234375,
arch_2l_no_pos_seq64_d64_adamw_lr0p001_seed0,3.721132755279541,0.140625,0.134765625,-2.0844459533691406,0.1328125,0.1328125,2500,two_layer_no_pos,all,64,4,64,128,128,512,7,adamw,0.001,0.02,0,30.43762310012244,86720,86720,64,320000,20800000,512,0.1428571428571428,arch,2L-no-pos,two_layer_no_pos,all,adamw,0.001,0,64,64,2500,0.144921875,
arch_2l_no_pos_seq64_d64_adamw_lr0p001_seed1,3.7076570987701416,0.13671875,0.12890625,-2.092418670654297,0.125,0.1328125,2500,two_layer_no_pos,all,64,4,64,128,128,512,7,adamw,0.001,0.02,1,30.414464300032705,86720,86720,64,320000,20800000,512,0.1428571428571428,arch,2L-no-pos,two_layer_no_pos,all,adamw,0.001,1,64,64,2500,0.14736328125,
arch_2l_qk_only_seq16_d128_adamw_lr0p001_seed0,6.646509647369385,0.197265625,0.0,-0.2485136687755584,0.3203125,0.1171875,2500,two_layer_attn,qk_only,128,4,16,128,128,512,7,adamw,0.001,0.02,0,23.354427400045097,241024,65536,16,320000,5440000,512,0.1428571428571428,arch,2L-qk-only,two_layer_attn,qk_only,adamw,0.001,0,16,128,2500,0.1529296875,
arch_2l_qk_only_seq16_d128_adamw_lr0p001_seed1,6.605504035949707,0.224609375,0.0,-0.217549979686737,0.375,0.125,2500,two_layer_attn,qk_only,128,4,16,128,128,512,7,adamw,0.001,0.02,1,24.632058900082484,241024,65536,16,320000,5440000,512,0.1428571428571428,arch,2L-qk-only,two_layer_attn,qk_only,adamw,0.001,1,16,128,2500,0.16484375,
arch_2l_qk_only_seq16_d256_adamw_lr0p001_seed0,6.637222290039063,0.17578125,0.005859375,-0.4263888299465179,0.2578125,0.1328125,2500,two_layer_attn,qk_only,256,4,16,128,128,512,7,adamw,0.001,0.02,0,24.23899240000173,744192,262144,16,320000,5440000,512,0.1428571428571428,arch,2L-qk-only,two_layer_attn,qk_only,adamw,0.001,0,16,256,2500,0.15185546875,
arch_2l_qk_only_seq16_d256_adamw_lr0p001_seed1,6.518790721893311,0.27734375,0.0078125,-0.2092820107936859,0.375,0.1953125,2500,two_layer_attn,qk_only,256,4,16,128,128,512,7,adamw,0.001,0.02,1,23.793256599921733,744192,262144,16,320000,5440000,512,0.1428571428571428,arch,2L-qk-only,two_layer_attn,qk_only,adamw,0.001,1,16,256,2500,0.17041015625,
arch_2l_qk_only_seq16_d64_adamw_lr0p001_seed0,6.714874744415283,0.115234375,0.0,-0.2236691117286682,0.140625,0.0625,2500,two_layer_attn,qk_only,64,4,16,128,128,512,7,adamw,0.001,0.02,0,25.40315889986232,87744,16384,16,320000,5440000,512,0.1428571428571428,arch,2L-qk-only,two_layer_attn,qk_only,adamw,0.001,0,16,64,2500,0.14306640625,
arch_2l_qk_only_seq16_d64_adamw_lr0p001_seed1,6.696571826934815,0.146484375,0.0,-0.2004588544368744,0.1875,0.1640625,2500,two_layer_attn,qk_only,64,4,16,128,128,512,7,adamw,0.001,0.02,1,24.518017400056124,87744,16384,16,320000,5440000,512,0.1428571428571428,arch,2L-qk-only,two_layer_attn,qk_only,adamw,0.001,1,16,64,2500,0.13974609375,
arch_2l_qk_only_seq32_d128_adamw_lr0p001_seed0,6.649240016937256,0.158203125,0.0,-0.2790857255458832,0.21875,0.140625,2500,two_layer_attn,qk_only,128,4,32,128,128,512,7,adamw,0.001,0.02,0,22.881816699868068,243072,65536,32,320000,10560000,512,0.1428571428571428,arch,2L-qk-only,two_layer_attn,qk_only,adamw,0.001,0,32,128,2500,0.14892578125,
arch_2l_qk_only_seq32_d128_adamw_lr0p001_seed1,6.6808013916015625,0.125,0.005859375,-0.3251529932022095,0.09375,0.125,2500,two_layer_attn,qk_only,128,4,32,128,128,512,7,adamw,0.001,0.02,1,23.676671999972317,243072,65536,32,320000,10560000,512,0.1428571428571428,arch,2L-qk-only,two_layer_attn,qk_only,adamw,0.001,1,32,128,2500,0.1345703125,
arch_2l_qk_only_seq32_d256_adamw_lr0p001_seed0,6.60820198059082,0.138671875,0.001953125,-0.4386620223522186,0.171875,0.1328125,2500,two_layer_attn,qk_only,256,4,32,128,128,512,7,adamw,0.001,0.02,0,24.59655239991844,748288,262144,32,320000,10560000,512,0.1428571428571428,arch,2L-qk-only,two_layer_attn,qk_only,adamw,0.001,0,32,256,2500,0.14111328125,
arch_2l_qk_only_seq32_d256_adamw_lr0p001_seed1,6.649928092956543,0.154296875,0.005859375,-0.4243006706237793,0.140625,0.203125,2500,two_layer_attn,qk_only,256,4,32,128,128,512,7,adamw,0.001,0.02,1,23.465601300122216,748288,262144,32,320000,10560000,512,0.1428571428571428,arch,2L-qk-only,two_layer_attn,qk_only,adamw,0.001,1,32,256,2500,0.1388671875,
arch_2l_qk_only_seq32_d64_adamw_lr0p001_seed0,6.705089092254639,0.12109375,0.0,-0.2069193720817566,0.1484375,0.140625,2500,two_layer_attn,qk_only,64,4,32,128,128,512,7,adamw,0.001,0.02,0,23.56566149997525,88768,16384,32,320000,10560000,512,0.1428571428571428,arch,2L-qk-only,two_layer_attn,qk_only,adamw,0.001,0,32,64,2500,0.1421875,
arch_2l_qk_only_seq32_d64_adamw_lr0p001_seed1,6.703924179077148,0.126953125,0.0,-0.1970213502645492,0.1484375,0.1015625,2500,two_layer_attn,qk_only,64,4,32,128,128,512,7,adamw,0.001,0.02,1,23.18657270004041,88768,16384,32,320000,10560000,512,0.1428571428571428,arch,2L-qk-only,two_layer_attn,qk_only,adamw,0.001,1,32,64,2500,0.1380859375,
arch_2l_qk_only_seq64_d128_adamw_lr0p001_seed0,6.64508867263794,0.13671875,0.001953125,-0.3072232007980346,0.1640625,0.078125,2500,two_layer_attn,qk_only,128,4,64,128,128,512,7,adamw,0.001,0.02,0,26.732215200085196,247168,65536,64,320000,20800000,512,0.1428571428571428,arch,2L-qk-only,two_layer_attn,qk_only,adamw,0.001,0,64,128,2500,0.1400390625,
arch_2l_qk_only_seq64_d128_adamw_lr0p001_seed1,6.659155368804932,0.150390625,0.0,-0.3048334717750549,0.1640625,0.1796875,2500,two_layer_attn,qk_only,128,4,64,128,128,512,7,adamw,0.001,0.02,1,26.55472359992564,247168,65536,64,320000,20800000,512,0.1428571428571428,arch,2L-qk-only,two_layer_attn,qk_only,adamw,0.001,1,64,128,2500,0.14326171875,
arch_2l_qk_only_seq64_d256_adamw_lr0p001_seed0,6.618310451507568,0.13671875,0.01171875,-0.4540787637233734,0.140625,0.109375,2500,two_layer_attn,qk_only,256,4,64,128,128,512,7,adamw,0.001,0.02,0,33.80735050002113,756480,262144,64,320000,20800000,512,0.1428571428571428,arch,2L-qk-only,two_layer_attn,qk_only,adamw,0.001,0,64,256,2500,0.14560546875,
arch_2l_qk_only_seq64_d256_adamw_lr0p001_seed1,6.6604108810424805,0.11328125,0.005859375,-0.472044438123703,0.140625,0.09375,2500,two_layer_attn,qk_only,256,4,64,128,128,512,7,adamw,0.001,0.02,1,34.22733849985525,756480,262144,64,320000,20800000,512,0.1428571428571428,arch,2L-qk-only,two_layer_attn,qk_only,adamw,0.001,1,64,256,2500,0.14287109375,
arch_2l_qk_only_seq64_d64_adamw_lr0p001_seed0,6.7111005783081055,0.162109375,0.001953125,-0.2016035765409469,0.1796875,0.140625,2500,two_layer_attn,qk_only,64,4,64,128,128,512,7,adamw,0.001,0.02,0,23.162103099981323,90816,16384,64,320000,20800000,512,0.1428571428571428,arch,2L-qk-only,two_layer_attn,qk_only,adamw,0.001,0,64,64,2500,0.14228515625,
arch_2l_qk_only_seq64_d64_adamw_lr0p001_seed1,6.701677322387695,0.154296875,0.001953125,-0.1881640255451202,0.1875,0.125,2500,two_layer_attn,qk_only,64,4,64,128,128,512,7,adamw,0.001,0.02,1,26.433483500033617,90816,16384,64,320000,20800000,512,0.1428571428571428,arch,2L-qk-only,two_layer_attn,qk_only,adamw,0.001,1,64,64,2500,0.1408203125,
arch_4l_full_seq16_d128_adamw_lr0p001_seed0,0.9350520968437196,0.837890625,0.826171875,6.430234432220459,0.9921875,0.734375,2500,full_transformer,all,128,4,16,128,128,512,7,adamw,0.001,0.02,0,44.75050569977611,899968,899968,16,320000,5440000,512,0.1428571428571428,arch,4L-full,full_transformer,all,adamw,0.001,0,16,128,2500,0.6064453125,2000.0
arch_4l_full_seq16_d128_adamw_lr0p001_seed1,0.8112162947654724,0.8515625,0.83203125,6.485243320465088,0.96875,0.796875,2500,full_transformer,all,128,4,16,128,128,512,7,adamw,0.001,0.02,1,44.783633900107816,899968,899968,16,320000,5440000,512,0.1428571428571428,arch,4L-full,full_transformer,all,adamw,0.001,1,16,128,2500,0.568359375,2000.0
arch_4l_full_seq16_d256_adamw_lr0p001_seed0,3.9700751304626474,0.322265625,0.26953125,-0.7723827362060547,0.6796875,0.1953125,2500,full_transformer,all,256,4,16,128,128,512,7,adamw,0.001,0.02,0,46.08946150005795,3372800,3372800,16,320000,5440000,512,0.1428571428571428,arch,4L-full,full_transformer,all,adamw,0.001,0,16,256,2500,0.2158203125,
arch_4l_full_seq16_d256_adamw_lr0p001_seed1,3.283196210861206,0.52734375,0.501953125,1.0672791004180908,0.859375,0.2578125,2500,full_transformer,all,256,4,16,128,128,512,7,adamw,0.001,0.02,1,46.37149320007302,3372800,3372800,16,320000,5440000,512,0.1428571428571428,arch,4L-full,full_transformer,all,adamw,0.001,1,16,256,2500,0.33310546875,
arch_4l_full_seq16_d64_adamw_lr0p001_seed0,0.5193819999694824,0.919921875,0.90234375,7.359960556030273,0.984375,0.8515625,2500,full_transformer,all,64,4,16,128,128,512,7,adamw,0.001,0.02,0,44.815576599910855,253376,253376,16,320000,5440000,512,0.1428571428571428,arch,4L-full,full_transformer,all,adamw,0.001,0,16,64,2500,0.64501953125,1750.0
arch_4l_full_seq16_d64_adamw_lr0p001_seed1,0.3610749840736389,0.95703125,0.955078125,8.787641525268555,0.9765625,0.9453125,2500,full_transformer,all,64,4,16,128,128,512,7,adamw,0.001,0.02,1,43.7821059001144,253376,253376,16,320000,5440000,512,0.1428571428571428,arch,4L-full,full_transformer,all,adamw,0.001,1,16,64,2500,0.67666015625,1500.0
arch_4l_full_seq32_d128_adamw_lr0p001_seed0,4.4038591384887695,0.1484375,0.09765625,-1.9093445539474487,0.1328125,0.1953125,2500,full_transformer,all,128,4,32,128,128,512,7,adamw,0.001,0.02,0,47.52616110001691,902016,902016,32,320000,10560000,512,0.1428571428571428,arch,4L-full,full_transformer,all,adamw,0.001,0,32,128,2500,0.1369140625,
arch_4l_full_seq32_d128_adamw_lr0p001_seed1,2.105928659439087,0.681640625,0.654296875,2.818455219268799,0.8984375,0.453125,2500,full_transformer,all,128,4,32,128,128,512,7,adamw,0.001,0.02,1,48.134945600060746,902016,902016,32,320000,10560000,512,0.1428571428571428,arch,4L-full,full_transformer,all,adamw,0.001,1,32,128,2500,0.27978515625,
arch_4l_full_seq32_d256_adamw_lr0p001_seed0,5.576541423797607,0.15625,0.029296875,-1.315331220626831,0.109375,0.1640625,2500,full_transformer,all,256,4,32,128,128,512,7,adamw,0.001,0.02,0,70.71012989990413,3376896,3376896,32,320000,10560000,512,0.1428571428571428,arch,4L-full,full_transformer,all,adamw,0.001,0,32,256,2500,0.14033203125,
arch_4l_full_seq32_d256_adamw_lr0p001_seed1,3.873998641967773,0.435546875,0.3515625,0.2202860713005066,0.765625,0.203125,2500,full_transformer,all,256,4,32,128,128,512,7,adamw,0.001,0.02,1,70.82925079995766,3376896,3376896,32,320000,10560000,512,0.1428571428571428,arch,4L-full,full_transformer,all,adamw,0.001,1,32,256,2500,0.25966796875,
arch_4l_full_seq32_d64_adamw_lr0p001_seed0,4.680863857269287,0.169921875,0.10546875,-1.734260082244873,0.203125,0.15625,2500,full_transformer,all,64,4,32,128,128,512,7,adamw,0.001,0.02,0,47.054923200048506,254400,254400,32,320000,10560000,512,0.1428571428571428,arch,4L-full,full_transformer,all,adamw,0.001,0,32,64,2500,0.14736328125,
arch_4l_full_seq32_d64_adamw_lr0p001_seed1,4.948092460632324,0.142578125,0.06640625,-1.9438165426254272,0.109375,0.09375,2500,full_transformer,all,64,4,32,128,128,512,7,adamw,0.001,0.02,1,47.67425310006365,254400,254400,32,320000,10560000,512,0.1428571428571428,arch,4L-full,full_transformer,all,adamw,0.001,1,32,64,2500,0.14853515625,
arch_4l_full_seq64_d128_adamw_lr0p001_seed0,4.958557605743408,0.14453125,0.05078125,-1.737731695175171,0.15625,0.171875,2500,full_transformer,all,128,4,64,128,128,512,7,adamw,0.001,0.02,0,62.67455989983864,906112,906112,64,320000,20800000,512,0.1428571428571428,arch,4L-full,full_transformer,all,adamw,0.001,0,64,128,2500,0.13857421875,
arch_4l_full_seq64_d128_adamw_lr0p001_seed1,4.859440803527832,0.109375,0.052734375,-1.939846754074097,0.078125,0.1328125,2500,full_transformer,all,128,4,64,128,128,512,7,adamw,0.001,0.02,1,62.8520744999405,906112,906112,64,320000,20800000,512,0.1428571428571428,arch,4L-full,full_transformer,all,adamw,0.001,1,64,128,2500,0.14404296875,
arch_4l_full_seq64_d256_adamw_lr0p001_seed0,5.988973617553711,0.1484375,0.01171875,-1.1092538833618164,0.125,0.1328125,2500,full_transformer,all,256,4,64,128,128,512,7,adamw,0.001,0.02,0,122.2006838999223,3385088,3385088,64,320000,20800000,512,0.1428571428571428,arch,4L-full,full_transformer,all,adamw,0.001,0,64,256,2500,0.15009765625,
arch_4l_full_seq64_d256_adamw_lr0p001_seed1,5.805572032928467,0.130859375,0.0234375,-1.167164325714111,0.140625,0.125,2500,full_transformer,all,256,4,64,128,128,512,7,adamw,0.001,0.02,1,135.14132079994306,3385088,3385088,64,320000,20800000,512,0.1428571428571428,arch,4L-full,full_transformer,all,adamw,0.001,1,64,256,2500,0.14072265625,
arch_4l_full_seq64_d64_adamw_lr0p001_seed0,5.037313938140869,0.109375,0.052734375,-1.9689987897872925,0.1015625,0.1171875,2500,full_transformer,all,64,4,64,128,128,512,7,adamw,0.001,0.02,0,50.38527359999716,256448,256448,64,320000,20800000,512,0.1428571428571428,arch,4L-full,full_transformer,all,adamw,0.001,0,64,64,2500,0.1451171875,
arch_4l_full_seq64_d64_adamw_lr0p001_seed1,4.853407382965088,0.158203125,0.087890625,-1.8000683784484863,0.1796875,0.1328125,2500,full_transformer,all,64,4,64,128,128,512,7,adamw,0.001,0.02,1,49.51237579993904,256448,256448,64,320000,20800000,512,0.1428571428571428,arch,4L-full,full_transformer,all,adamw,0.001,1,64,64,2500,0.15,
opt_adamw_seq32_d128_adamw_lr0p0001_seed0,1.498837113380432,0.720703125,0.720703125,2.661430835723877,0.9375,0.578125,3500,two_layer_attn,all,128,4,32,128,128,512,7,adamw,0.0001,0.02,0,46.67522470001131,243072,243072,32,448000,14784000,512,0.1428571428571428,opt,adamw,two_layer_attn,all,adamw,0.0001,0,32,128,3500,0.30740792410714285,
opt_adamw_seq32_d128_adamw_lr0p0001_seed1,3.119657039642334,0.380859375,0.380859375,-0.1527794897556305,0.640625,0.28125,3500,two_layer_attn,all,128,4,32,128,128,512,7,adamw,0.0001,0.02,1,41.74457380012609,243072,243072,32,448000,14784000,512,0.1428571428571428,opt,adamw,two_layer_attn,all,adamw,0.0001,1,32,128,3500,0.19677734375,
opt_adamw_seq32_d128_adamw_lr0p0001_seed2,1.4134236574172974,0.763671875,0.763671875,2.9468016624450684,0.96875,0.578125,3500,two_layer_attn,all,128,4,32,128,128,512,7,adamw,0.0001,0.02,2,40.61668370012194,243072,243072,32,448000,14784000,512,0.1428571428571428,opt,adamw,two_layer_attn,all,adamw,0.0001,2,32,128,3500,0.35232979910714285,
opt_adamw_seq32_d128_adamw_lr0p0003_seed0,0.0860750973224639,0.974609375,0.974609375,9.369264602661133,0.9921875,0.9765625,3500,two_layer_attn,all,128,4,32,128,128,512,7,adamw,0.0003,0.02,0,40.34747779997997,243072,243072,32,448000,14784000,512,0.1428571428571428,opt,adamw,two_layer_attn,all,adamw,0.0003,0,32,128,3500,0.7390485491071429,1500.0
opt_adamw_seq32_d128_adamw_lr0p0003_seed1,0.0231169108301401,0.994140625,0.994140625,10.486679077148438,1.0,0.984375,3500,two_layer_attn,all,128,4,32,128,128,512,7,adamw,0.0003,0.02,1,39.97580719995312,243072,243072,32,448000,14784000,512,0.1428571428571428,opt,adamw,two_layer_attn,all,adamw,0.0003,1,32,128,3500,0.7125418526785714,1500.0
opt_adamw_seq32_d128_adamw_lr0p0003_seed2,0.1159580945968627,0.97265625,0.97265625,9.282112121582031,1.0,0.9375,3500,two_layer_attn,all,128,4,32,128,128,512,7,adamw,0.0003,0.02,2,41.57265050010756,243072,243072,32,448000,14784000,512,0.1428571428571428,opt,adamw,two_layer_attn,all,adamw,0.0003,2,32,128,3500,0.7021484375,1500.0
opt_adamw_seq32_d128_adamw_lr0p001_seed0,0.1300579160451889,0.98046875,0.9765625,10.51162052154541,1.0,0.9765625,3500,two_layer_attn,all,128,4,32,128,128,512,7,adamw,0.001,0.02,0,40.5353393999394,243072,243072,32,448000,14784000,512,0.1428571428571428,opt,adamw,two_layer_attn,all,adamw,0.001,0,32,128,3500,0.8510044642857143,750.0
opt_adamw_seq32_d128_adamw_lr0p001_seed1,0.1333303302526474,0.974609375,0.974609375,11.538747787475586,0.9921875,0.9609375,3500,two_layer_attn,all,128,4,32,128,128,512,7,adamw,0.001,0.02,1,40.0230308000464,243072,243072,32,448000,14784000,512,0.1428571428571428,opt,adamw,two_layer_attn,all,adamw,0.001,1,32,128,3500,0.8492606026785714,750.0
opt_adamw_seq32_d128_adamw_lr0p001_seed2,0.247257575392723,0.96484375,0.962890625,11.120484352111816,0.9765625,0.953125,3500,two_layer_attn,all,128,4,32,128,128,512,7,adamw,0.001,0.02,2,40.14691699994728,243072,243072,32,448000,14784000,512,0.1428571428571428,opt,adamw,two_layer_attn,all,adamw,0.001,2,32,128,3500,0.8462611607142857,750.0
opt_adamw_seq32_d128_adamw_lr0p003_seed0,4.98915958404541,0.1953125,0.091796875,-1.830853819847107,0.265625,0.1328125,3500,two_layer_attn,all,128,4,32,128,128,512,7,adamw,0.003,0.02,0,41.44924549991265,243072,243072,32,448000,14784000,512,0.1428571428571428,opt,adamw,two_layer_attn,all,adamw,0.003,0,32,128,3500,0.14704241071428573,
opt_adamw_seq32_d128_adamw_lr0p003_seed1,5.590641975402832,0.115234375,0.072265625,-2.944584846496582,0.203125,0.0703125,3500,two_layer_attn,all,128,4,32,128,128,512,7,adamw,0.003,0.02,1,39.677701300010085,243072,243072,32,448000,14784000,512,0.1428571428571428,opt,adamw,two_layer_attn,all,adamw,0.003,1,32,128,3500,0.14278738839285715,
opt_adamw_seq32_d128_adamw_lr0p003_seed2,5.041772365570068,0.15234375,0.078125,-1.892723560333252,0.15625,0.1171875,3500,two_layer_attn,all,128,4,32,128,128,512,7,adamw,0.003,0.02,2,40.020791499875486,243072,243072,32,448000,14784000,512,0.1428571428571428,opt,adamw,two_layer_attn,all,adamw,0.003,2,32,128,3500,0.14592633928571427,
opt_adamw_seq32_d128_adamw_lr0p01_seed0,6.18159294128418,0.150390625,0.005859375,-0.569212794303894,0.1171875,0.140625,3500,two_layer_attn,all,128,4,32,128,128,512,7,adamw,0.01,0.02,0,39.61982339993119,243072,243072,32,448000,14784000,512,0.1428571428571428,opt,adamw,two_layer_attn,all,adamw,0.01,0,32,128,3500,0.14446149553571427,
opt_adamw_seq32_d128_adamw_lr0p01_seed1,6.125533103942871,0.125,0.021484375,-0.8264787197113037,0.1328125,0.1328125,3500,two_layer_attn,all,128,4,32,128,128,512,7,adamw,0.01,0.02,1,41.33538750000298,243072,243072,32,448000,14784000,512,0.1428571428571428,opt,adamw,two_layer_attn,all,adamw,0.01,1,32,128,3500,0.14327566964285715,
opt_adamw_seq32_d128_adamw_lr0p01_seed2,6.133906364440918,0.14453125,0.01171875,-0.8358093500137329,0.125,0.1796875,3500,two_layer_attn,all,128,4,32,128,128,512,7,adamw,0.01,0.02,2,39.69449669984169,243072,243072,32,448000,14784000,512,0.1428571428571428,opt,adamw,two_layer_attn,all,adamw,0.01,2,32,128,3500,0.14327566964285715,
opt_adamw_seq32_d128_adamw_lr0p03_seed0,6.284130096435547,0.150390625,0.00390625,-0.4658493101596832,0.1640625,0.140625,3500,two_layer_attn,all,128,4,32,128,128,512,7,adamw,0.03,0.02,0,39.89583499985747,243072,243072,32,448000,14784000,512,0.1428571428571428,opt,adamw,two_layer_attn,all,adamw,0.03,0,32,128,3500,0.14683314732142858,
opt_adamw_seq32_d128_adamw_lr0p03_seed1,6.31791353225708,0.1328125,0.001953125,-0.4663413166999817,0.109375,0.125,3500,two_layer_attn,all,128,4,32,128,128,512,7,adamw,0.03,0.02,1,39.88756729988381,243072,243072,32,448000,14784000,512,0.1428571428571428,opt,adamw,two_layer_attn,all,adamw,0.03,1,32,128,3500,0.14481026785714285,
opt_adamw_seq32_d128_adamw_lr0p03_seed2,6.325411319732666,0.140625,0.00390625,-0.4995989203453064,0.140625,0.203125,3500,two_layer_attn,all,128,4,32,128,128,512,7,adamw,0.03,0.02,2,39.70312479999848,243072,243072,32,448000,14784000,512,0.1428571428571428,opt,adamw,two_layer_attn,all,adamw,0.03,2,32,128,3500,0.14006696428571427,
opt_adamw_seq32_d128_adamw_lr0p1_seed0,6.474377632141113,0.1484375,0.0,-0.9090669751167296,0.125,0.1171875,3500,two_layer_attn,all,128,4,32,128,128,512,7,adamw,0.1,0.02,0,40.2528134000022,243072,243072,32,448000,14784000,512,0.1428571428571428,opt,adamw,two_layer_attn,all,adamw,0.1,0,32,128,3500,0.14285714285714285,
opt_adamw_seq32_d128_adamw_lr0p1_seed1,6.505202770233154,0.142578125,0.001953125,-0.8671945929527283,0.1640625,0.1796875,3500,two_layer_attn,all,128,4,32,128,128,512,7,adamw,0.1,0.02,1,39.0667113000527,243072,243072,32,448000,14784000,512,0.1428571428571428,opt,adamw,two_layer_attn,all,adamw,0.1,1,32,128,3500,0.14669363839285715,
opt_adamw_seq32_d128_adamw_lr0p1_seed2,6.492406845092773,0.13671875,0.001953125,-0.8607791662216187,0.1640625,0.1640625,3500,two_layer_attn,all,128,4,32,128,128,512,7,adamw,0.1,0.02,2,39.46833380009048,243072,243072,32,448000,14784000,512,0.1428571428571428,opt,adamw,two_layer_attn,all,adamw,0.1,2,32,128,3500,0.14439174107142858,
opt_adamw_seq32_d128_adamw_lr1em05_seed0,6.039236068725586,0.154296875,0.103515625,-0.3188981413841247,0.1328125,0.125,3500,two_layer_attn,all,128,4,32,128,128,512,7,adamw,1e-05,0.02,0,42.26090630004183,243072,243072,32,448000,14784000,512,0.1428571428571428,opt,adamw,two_layer_attn,all,adamw,1e-05,0,32,128,3500,0.15297154017857142,
opt_adamw_seq32_d128_adamw_lr1em05_seed1,6.05007266998291,0.142578125,0.076171875,-0.3531454801559448,0.0859375,0.171875,3500,two_layer_attn,all,128,4,32,128,128,512,7,adamw,1e-05,0.02,1,42.75120729999617,243072,243072,32,448000,14784000,512,0.1428571428571428,opt,adamw,two_layer_attn,all,adamw,1e-05,1,32,128,3500,0.15059988839285715,
opt_adamw_seq32_d128_adamw_lr1em05_seed2,6.038071632385254,0.126953125,0.091796875,-0.324192613363266,0.1796875,0.1171875,3500,two_layer_attn,all,128,4,32,128,128,512,7,adamw,1e-05,0.02,2,43.59850879991427,243072,243072,32,448000,14784000,512,0.1428571428571428,opt,adamw,two_layer_attn,all,adamw,1e-05,2,32,128,3500,0.14055524553571427,
opt_adamw_seq32_d128_adamw_lr1em06_seed0,6.644337177276611,0.126953125,0.0,-0.2555512189865112,0.0546875,0.1328125,3500,two_layer_attn,all,128,4,32,128,128,512,7,adamw,1e-06,0.02,0,36.86026330012828,243072,243072,32,448000,14784000,512,0.1428571428571428,opt,adamw,two_layer_attn,all,adamw,1e-06,0,32,128,3500,0.15325055803571427,
opt_adamw_seq32_d128_adamw_lr1em06_seed1,6.647366523742676,0.146484375,0.001953125,-0.2566351294517517,0.15625,0.1640625,3500,two_layer_attn,all,128,4,32,128,128,512,7,adamw,1e-06,0.02,1,37.06211439985782,243072,243072,32,448000,14784000,512,0.1428571428571428,opt,adamw,two_layer_attn,all,adamw,1e-06,1,32,128,3500,0.14348493303571427,
opt_adamw_seq32_d128_adamw_lr1em06_seed2,6.64625358581543,0.138671875,0.0,-0.2511152923107147,0.125,0.1171875,3500,two_layer_attn,all,128,4,32,128,128,512,7,adamw,1e-06,0.02,2,39.89970810012892,243072,243072,32,448000,14784000,512,0.1428571428571428,opt,adamw,two_layer_attn,all,adamw,1e-06,2,32,128,3500,0.14083426339285715,
opt_adamw_seq32_d128_adamw_lr3em05_seed0,5.244409561157227,0.208984375,0.203125,-0.2602507472038269,0.3515625,0.1484375,3500,two_layer_attn,all,128,4,32,128,128,512,7,adamw,3e-05,0.02,0,42.27200759993866,243072,243072,32,448000,14784000,512,0.1428571428571428,opt,adamw,two_layer_attn,all,adamw,3e-05,0,32,128,3500,0.16678292410714285,
opt_adamw_seq32_d128_adamw_lr3em05_seed1,5.337194919586182,0.189453125,0.177734375,-0.305803507566452,0.3125,0.171875,3500,two_layer_attn,all,128,4,32,128,128,512,7,adamw,3e-05,0.02,1,52.98519059992395,243072,243072,32,448000,14784000,512,0.1428571428571428,opt,adamw,two_layer_attn,all,adamw,3e-05,1,32,128,3500,0.16203962053571427,
opt_adamw_seq32_d128_adamw_lr3em05_seed2,5.28823709487915,0.23046875,0.212890625,-0.2618487775325775,0.4765625,0.15625,3500,two_layer_attn,all,128,4,32,128,128,512,7,adamw,3e-05,0.02,2,44.01370410015807,243072,243072,32,448000,14784000,512,0.1428571428571428,opt,adamw,two_layer_attn,all,adamw,3e-05,2,32,128,3500,0.16322544642857142,
opt_adamw_seq32_d128_adamw_lr3em06_seed0,6.4956231117248535,0.142578125,0.001953125,-0.1965909004211425,0.09375,0.15625,3500,two_layer_attn,all,128,4,32,128,128,512,7,adamw,3e-06,0.02,0,43.3149812000338,243072,243072,32,448000,14784000,512,0.1428571428571428,opt,adamw,two_layer_attn,all,adamw,3e-06,0,32,128,3500,0.15059988839285715,
opt_adamw_seq32_d128_adamw_lr3em06_seed1,6.496044158935547,0.146484375,0.001953125,-0.2006923556327819,0.140625,0.15625,3500,two_layer_attn,all,128,4,32,128,128,512,7,adamw,3e-06,0.02,1,43.135670100105926,243072,243072,32,448000,14784000,512,0.1428571428571428,opt,adamw,two_layer_attn,all,adamw,3e-06,1,32,128,3500,0.14488002232142858,
opt_adamw_seq32_d128_adamw_lr3em06_seed2,6.494630813598633,0.130859375,0.00390625,-0.1975268274545669,0.1484375,0.109375,3500,two_layer_attn,all,128,4,32,128,128,512,7,adamw,3e-06,0.02,2,42.526130199898034,243072,243072,32,448000,14784000,512,0.1428571428571428,opt,adamw,two_layer_attn,all,adamw,3e-06,2,32,128,3500,0.13929966517857142,
opt_muon_seq32_d128_muon_lr0p0001_seed0,3.409271240234375,0.16015625,0.16015625,-1.696438550949097,0.28125,0.1328125,3500,two_layer_attn,all,128,4,32,128,128,512,7,muon,0.0003,0.0001,0,60.56885510007851,243072,243072,32,448000,14784000,512,0.1428571428571428,opt,muon,two_layer_attn,all,muon,0.0001,0,32,128,3500,0.14439174107142858,
opt_muon_seq32_d128_muon_lr0p0001_seed1,3.57693099975586,0.15625,0.154296875,-1.8594460487365725,0.2890625,0.1171875,3500,two_layer_attn,all,128,4,32,128,128,512,7,muon,0.0003,0.0001,1,66.08090559998527,243072,243072,32,448000,14784000,512,0.1428571428571428,opt,muon,two_layer_attn,all,muon,0.0001,1,32,128,3500,0.13588169642857142,
opt_muon_seq32_d128_muon_lr0p0001_seed2,3.5363879203796387,0.138671875,0.138671875,-1.8198978900909424,0.2265625,0.0859375,3500,two_layer_attn,all,128,4,32,128,128,512,7,muon,0.0003,0.0001,2,69.18369820015505,243072,243072,32,448000,14784000,512,0.1428571428571428,opt,muon,two_layer_attn,all,muon,0.0001,2,32,128,3500,0.13748604910714285,
opt_muon_seq32_d128_muon_lr0p0003_seed0,0.0274770222604274,0.99609375,0.99609375,8.641589164733887,0.9921875,0.9921875,3500,two_layer_attn,all,128,4,32,128,128,512,7,muon,0.0003,0.0003,0,68.7597880999092,243072,243072,32,448000,14784000,512,0.1428571428571428,opt,muon,two_layer_attn,all,muon,0.0003,0,32,128,3500,0.3452845982142857,3000.0
opt_muon_seq32_d128_muon_lr0p0003_seed1,0.0568317174911499,0.984375,0.984375,8.445274353027344,1.0,0.9609375,3500,two_layer_attn,all,128,4,32,128,128,512,7,muon,0.0003,0.0003,1,65.08426629984751,243072,243072,32,448000,14784000,512,0.1428571428571428,opt,muon,two_layer_attn,all,muon,0.0003,1,32,128,3500,0.3544921875,3000.0
opt_muon_seq32_d128_muon_lr0p0003_seed2,0.0367400832474231,0.98828125,0.98828125,8.672470092773438,1.0,0.9609375,3500,two_layer_attn,all,128,4,32,128,128,512,7,muon,0.0003,0.0003,2,63.50011010002345,243072,243072,32,448000,14784000,512,0.1428571428571428,opt,muon,two_layer_attn,all,muon,0.0003,2,32,128,3500,0.3130580357142857,3250.0
opt_muon_seq32_d128_muon_lr0p001_seed0,0.0036738032940775,1.0,1.0,11.573888778686523,1.0,1.0,3500,two_layer_attn,all,128,4,32,128,128,512,7,muon,0.0003,0.001,0,62.37915329984389,243072,243072,32,448000,14784000,512,0.1428571428571428,opt,muon,two_layer_attn,all,muon,0.001,0,32,128,3500,0.7389787946428571,1250.0
opt_muon_seq32_d128_muon_lr0p001_seed1,0.0028373536188155,1.0,1.0,11.672542572021484,1.0,1.0,3500,two_layer_attn,all,128,4,32,128,128,512,7,muon,0.0003,0.001,1,58.39955389988609,243072,243072,32,448000,14784000,512,0.1428571428571428,opt,muon,two_layer_attn,all,muon,0.001,1,32,128,3500,0.7216796875,1500.0
opt_muon_seq32_d128_muon_lr0p001_seed2,0.0103811305016279,0.99609375,0.99609375,11.69924545288086,0.9921875,1.0,3500,two_layer_attn,all,128,4,32,128,128,512,7,muon,0.0003,0.001,2,64.96849339990877,243072,243072,32,448000,14784000,512,0.1428571428571428,opt,muon,two_layer_attn,all,muon,0.001,2,32,128,3500,0.7184709821428571,1500.0
opt_muon_seq32_d128_muon_lr0p003_seed0,0.0332071855664253,0.99609375,0.99609375,11.468379020690918,1.0,0.9921875,3500,two_layer_attn,all,128,4,32,128,128,512,7,muon,0.0003,0.003,0,67.87153039989062,243072,243072,32,448000,14784000,512,0.1428571428571428,opt,muon,two_layer_attn,all,muon,0.003,0,32,128,3500,0.8851841517857143,750.0
opt_muon_seq32_d128_muon_lr0p003_seed1,0.0318679809570312,0.99609375,0.99609375,11.448144912719728,1.0,0.984375,3500,two_layer_attn,all,128,4,32,128,128,512,7,muon,0.0003,0.003,1,67.16603410011157,243072,243072,32,448000,14784000,512,0.1428571428571428,opt,muon,two_layer_attn,all,muon,0.003,1,32,128,3500,0.8770926339285714,750.0
opt_muon_seq32_d128_muon_lr0p003_seed2,0.0028836322017014,1.0,1.0,11.354766845703123,1.0,1.0,3500,two_layer_attn,all,128,4,32,128,128,512,7,muon,0.0003,0.003,2,68.16245940001681,243072,243072,32,448000,14784000,512,0.1428571428571428,opt,muon,two_layer_attn,all,muon,0.003,2,32,128,3500,0.869140625,750.0
opt_muon_seq32_d128_muon_lr0p01_seed0,0.0031379836145788,1.0,1.0,11.593565940856934,1.0,1.0,3500,two_layer_attn,all,128,4,32,128,128,512,7,muon,0.0003,0.01,0,60.21657319995575,243072,243072,32,448000,14784000,512,0.1428571428571428,opt,muon,two_layer_attn,all,muon,0.01,0,32,128,3500,0.9214564732142857,500.0
opt_muon_seq32_d128_muon_lr0p01_seed1,0.0084297228604555,0.998046875,0.998046875,11.559392929077148,0.9921875,1.0,3500,two_layer_attn,all,128,4,32,128,128,512,7,muon,0.0003,0.01,1,60.09801200008951,243072,243072,32,448000,14784000,512,0.1428571428571428,opt,muon,two_layer_attn,all,muon,0.01,1,32,128,3500,0.9328264508928571,500.0
opt_muon_seq32_d128_muon_lr0p01_seed2,0.0349075086414814,0.99609375,0.99609375,11.428250312805176,1.0,0.984375,3500,two_layer_attn,all,128,4,32,128,128,512,7,muon,0.0003,0.01,2,61.4190431998577,243072,243072,32,448000,14784000,512,0.1428571428571428,opt,muon,two_layer_attn,all,muon,0.01,2,32,128,3500,0.9379185267857143,500.0
opt_muon_seq32_d128_muon_lr0p03_seed0,0.6688756942749023,0.912109375,0.908203125,6.963751316070557,0.9765625,0.9140625,3500,two_layer_attn,all,128,4,32,128,128,512,7,muon,0.0003,0.03,0,69.25493780011311,243072,243072,32,448000,14784000,512,0.1428571428571428,opt,muon,two_layer_attn,all,muon,0.03,0,32,128,3500,0.8079659598214286,750.0
opt_muon_seq32_d128_muon_lr0p03_seed1,0.4131210744380951,0.9453125,0.9453125,8.265003204345703,0.9921875,0.9765625,3500,two_layer_attn,all,128,4,32,128,128,512,7,muon,0.0003,0.03,1,65.20387510000728,243072,243072,32,448000,14784000,512,0.1428571428571428,opt,muon,two_layer_attn,all,muon,0.03,1,32,128,3500,0.9213169642857143,250.0
opt_muon_seq32_d128_muon_lr0p03_seed2,0.5142064690589905,0.927734375,0.92578125,7.341535568237305,0.9765625,0.84375,3500,two_layer_attn,all,128,4,32,128,128,512,7,muon,0.0003,0.03,2,62.53701069997624,243072,243072,32,448000,14784000,512,0.1428571428571428,opt,muon,two_layer_attn,all,muon,0.03,2,32,128,3500,0.8629324776785714,500.0
opt_muon_seq32_d128_muon_lr0p1_seed0,5.5988078117370605,0.140625,0.083984375,-1.302051305770874,0.1171875,0.15625,3500,two_layer_attn,all,128,4,32,128,128,512,7,muon,0.0003,0.1,0,60.460900200065225,243072,243072,32,448000,14784000,512,0.1428571428571428,opt,muon,two_layer_attn,all,muon,0.1,0,32,128,3500,0.14020647321428573,
opt_muon_seq32_d128_muon_lr0p1_seed1,5.449647426605225,0.140625,0.103515625,-1.2125287055969238,0.1015625,0.1875,3500,two_layer_attn,all,128,4,32,128,128,512,7,muon,0.0003,0.1,1,63.43718750006519,243072,243072,32,448000,14784000,512,0.1428571428571428,opt,muon,two_layer_attn,all,muon,0.1,1,32,128,3500,0.140625,
opt_muon_seq32_d128_muon_lr0p1_seed2,5.465466022491455,0.119140625,0.072265625,-1.2383824586868286,0.078125,0.1328125,3500,two_layer_attn,all,128,4,32,128,128,512,7,muon,0.0003,0.1,2,60.8325283001177,243072,243072,32,448000,14784000,512,0.1428571428571428,opt,muon,two_layer_attn,all,muon,0.1,2,32,128,3500,0.14432198660714285,
opt_muon_seq32_d128_muon_lr1em05_seed0,4.579864025115967,0.1640625,0.12890625,-1.3176325559616089,0.1328125,0.203125,3500,two_layer_attn,all,128,4,32,128,128,512,7,muon,0.0003,1e-05,0,59.81819360004738,243072,243072,32,448000,14784000,512,0.1428571428571428,opt,muon,two_layer_attn,all,muon,1e-05,0,32,128,3500,0.15080915178571427,
opt_muon_seq32_d128_muon_lr1em05_seed1,4.631982803344727,0.1796875,0.13671875,-1.3135318756103516,0.140625,0.2578125,3500,two_layer_attn,all,128,4,32,128,128,512,7,muon,0.0003,1e-05,1,61.578771099913865,243072,243072,32,448000,14784000,512,0.1428571428571428,opt,muon,two_layer_attn,all,muon,1e-05,1,32,128,3500,0.14760044642857142,
opt_muon_seq32_d128_muon_lr1em05_seed2,4.706096649169922,0.14453125,0.09375,-1.4842721223831177,0.1640625,0.140625,3500,two_layer_attn,all,128,4,32,128,128,512,7,muon,0.0003,1e-05,2,68.2522909999825,243072,243072,32,448000,14784000,512,0.1428571428571428,opt,muon,two_layer_attn,all,muon,1e-05,2,32,128,3500,0.14132254464285715,
opt_muon_seq32_d128_muon_lr1em06_seed0,4.931943416595459,0.146484375,0.095703125,-1.2226097583770752,0.125,0.1953125,3500,two_layer_attn,all,128,4,32,128,128,512,7,muon,0.0003,1e-06,0,73.0404986999929,243072,243072,32,448000,14784000,512,0.1428571428571428,opt,muon,two_layer_attn,all,muon,1e-06,0,32,128,3500,0.14878627232142858,
opt_muon_seq32_d128_muon_lr1em06_seed1,4.980662822723389,0.177734375,0.1015625,-1.1898194551467896,0.15625,0.2578125,3500,two_layer_attn,all,128,4,32,128,128,512,7,muon,0.0003,1e-06,1,69.32509650010616,243072,243072,32,448000,14784000,512,0.1428571428571428,opt,muon,two_layer_attn,all,muon,1e-06,1,32,128,3500,0.14599609375,
opt_muon_seq32_d128_muon_lr1em06_seed2,5.037083148956299,0.15234375,0.080078125,-1.342005729675293,0.1796875,0.1171875,3500,two_layer_attn,all,128,4,32,128,128,512,7,muon,0.0003,1e-06,2,63.73965399991721,243072,243072,32,448000,14784000,512,0.1428571428571428,opt,muon,two_layer_attn,all,muon,1e-06,2,32,128,3500,0.14243861607142858,
opt_muon_seq32_d128_muon_lr3em05_seed0,4.043396949768066,0.16015625,0.146484375,-1.4441488981246948,0.125,0.1875,3500,two_layer_attn,all,128,4,32,128,128,512,7,muon,0.0003,3e-05,0,68.27301430003718,243072,243072,32,448000,14784000,512,0.1428571428571428,opt,muon,two_layer_attn,all,muon,3e-05,0,32,128,3500,0.14732142857142858,
opt_muon_seq32_d128_muon_lr3em05_seed1,4.104035377502441,0.17578125,0.154296875,-1.4665889739990234,0.1171875,0.2421875,3500,two_layer_attn,all,128,4,32,128,128,512,7,muon,0.0003,3e-05,1,67.27175939991139,243072,243072,32,448000,14784000,512,0.1428571428571428,opt,muon,two_layer_attn,all,muon,3e-05,1,32,128,3500,0.14006696428571427,
opt_muon_seq32_d128_muon_lr3em05_seed2,4.172331809997559,0.12109375,0.11328125,-1.6036633253097534,0.109375,0.125,3500,two_layer_attn,all,128,4,32,128,128,512,7,muon,0.0003,3e-05,2,62.07554590003565,243072,243072,32,448000,14784000,512,0.1428571428571428,opt,muon,two_layer_attn,all,muon,3e-05,2,32,128,3500,0.14048549107142858,
opt_muon_seq32_d128_muon_lr3em06_seed0,4.849339008331299,0.142578125,0.107421875,-1.2485064268112185,0.109375,0.1875,3500,two_layer_attn,all,128,4,32,128,128,512,7,muon,0.0003,3e-06,0,62.31780429999344,243072,243072,32,448000,14784000,512,0.1428571428571428,opt,muon,two_layer_attn,all,muon,3e-06,0,32,128,3500,0.14976283482142858,
opt_muon_seq32_d128_muon_lr3em06_seed1,4.897246360778809,0.1796875,0.115234375,-1.2198357582092283,0.140625,0.265625,3500,two_layer_attn,all,128,4,32,128,128,512,7,muon,0.0003,3e-06,1,62.05976260011085,243072,243072,32,448000,14784000,512,0.1428571428571428,opt,muon,two_layer_attn,all,muon,3e-06,1,32,128,3500,0.14411272321428573,
opt_muon_seq32_d128_muon_lr3em06_seed2,4.958296298980713,0.150390625,0.083984375,-1.3788570165634155,0.1875,0.1171875,3500,two_layer_attn,all,128,4,32,128,128,512,7,muon,0.0003,3e-06,2,63.72415419993922,243072,243072,32,448000,14784000,512,0.1428571428571428,opt,muon,two_layer_attn,all,muon,3e-06,2,32,128,3500,0.14292689732142858,
opt_ngd_seq32_d128_ngd_lr0p0001_seed0,6.715020179748535,0.134765625,0.0,-0.2739787399768829,0.0859375,0.1640625,3500,two_layer_attn,all,128,4,32,128,128,512,7,ngd,0.0001,0.02,0,44.17838149983436,243072,243072,32,448000,14784000,512,0.1428571428571428,opt,ngd,two_layer_attn,all,ngd,0.0001,0,32,128,3500,0.15185546875,
opt_ngd_seq32_d128_ngd_lr0p0001_seed1,6.729341506958008,0.16015625,0.0,-0.2737434506416321,0.1640625,0.1875,3500,two_layer_attn,all,128,4,32,128,128,512,7,ngd,0.0001,0.02,1,43.51038959994912,243072,243072,32,448000,14784000,512,0.1428571428571428,opt,ngd,two_layer_attn,all,ngd,0.0001,1,32,128,3500,0.14383370535714285,
opt_ngd_seq32_d128_ngd_lr0p0001_seed2,6.718085765838623,0.154296875,0.0,-0.2664166092872619,0.140625,0.140625,3500,two_layer_attn,all,128,4,32,128,128,512,7,ngd,0.0001,0.02,2,43.43879269994795,243072,243072,32,448000,14784000,512,0.1428571428571428,opt,ngd,two_layer_attn,all,ngd,0.0001,2,32,128,3500,0.14027622767857142,
opt_ngd_seq32_d128_ngd_lr0p0003_seed0,6.673375129699707,0.14453125,0.0,-0.2530232071876526,0.09375,0.1640625,3500,two_layer_attn,all,128,4,32,128,128,512,7,ngd,0.0003,0.02,0,43.55261670006439,243072,243072,32,448000,14784000,512,0.1428571428571428,opt,ngd,two_layer_attn,all,ngd,0.0003,0,32,128,3500,0.15262276785714285,
opt_ngd_seq32_d128_ngd_lr0p0003_seed1,6.674665927886963,0.150390625,0.0,-0.2532038688659668,0.15625,0.1640625,3500,two_layer_attn,all,128,4,32,128,128,512,7,ngd,0.0003,0.02,1,42.594079999951646,243072,243072,32,448000,14784000,512,0.1428571428571428,opt,ngd,two_layer_attn,all,ngd,0.0003,1,32,128,3500,0.14460100446428573,
opt_ngd_seq32_d128_ngd_lr0p0003_seed2,6.674487113952637,0.12890625,0.0,-0.2469968646764755,0.109375,0.1171875,3500,two_layer_attn,all,128,4,32,128,128,512,7,ngd,0.0003,0.02,2,42.83710530004464,243072,243072,32,448000,14784000,512,0.1428571428571428,opt,ngd,two_layer_attn,all,ngd,0.0003,2,32,128,3500,0.14034598214285715,
opt_ngd_seq32_d128_ngd_lr0p001_seed0,6.571211814880371,0.14453125,0.0,-0.1918176859617233,0.109375,0.15625,3500,two_layer_attn,all,128,4,32,128,128,512,7,ngd,0.001,0.02,0,40.670323099941015,243072,243072,32,448000,14784000,512,0.1428571428571428,opt,ngd,two_layer_attn,all,ngd,0.001,0,32,128,3500,0.15011160714285715,
opt_ngd_seq32_d128_ngd_lr0p001_seed1,6.566443920135498,0.1484375,0.00390625,-0.1873941719532013,0.1484375,0.140625,3500,two_layer_attn,all,128,4,32,128,128,512,7,ngd,0.001,0.02,1,39.95797190000303,243072,243072,32,448000,14784000,512,0.1428571428571428,opt,ngd,two_layer_attn,all,ngd,0.001,1,32,128,3500,0.14313616071428573,
opt_ngd_seq32_d128_ngd_lr0p001_seed2,6.56854248046875,0.13671875,0.0,-0.1846335530281067,0.140625,0.1328125,3500,two_layer_attn,all,128,4,32,128,128,512,7,ngd,0.001,0.02,2,45.29027469991706,243072,243072,32,448000,14784000,512,0.1428571428571428,opt,ngd,two_layer_attn,all,ngd,0.001,2,32,128,3500,0.13978794642857142,
opt_ngd_seq32_d128_ngd_lr0p003_seed0,6.420537948608398,0.130859375,0.00390625,-0.0973595827817916,0.09375,0.125,3500,two_layer_attn,all,128,4,32,128,128,512,7,ngd,0.003,0.02,0,44.81636320007965,243072,243072,32,448000,14784000,512,0.1428571428571428,opt,ngd,two_layer_attn,all,ngd,0.003,0,32,128,3500,0.15366908482142858,
opt_ngd_seq32_d128_ngd_lr0p003_seed1,6.421229362487793,0.15234375,0.00390625,-0.0933095067739486,0.1328125,0.1875,3500,two_layer_attn,all,128,4,32,128,128,512,7,ngd,0.003,0.02,1,43.62804930005223,243072,243072,32,448000,14784000,512,0.1428571428571428,opt,ngd,two_layer_attn,all,ngd,0.003,1,32,128,3500,0.14453125,
opt_ngd_seq32_d128_ngd_lr0p003_seed2,6.417230129241943,0.125,0.00390625,-0.0909095853567123,0.1171875,0.1171875,3500,two_layer_attn,all,128,4,32,128,128,512,7,ngd,0.003,0.02,2,42.3665602998808,243072,243072,32,448000,14784000,512,0.1428571428571428,opt,ngd,two_layer_attn,all,ngd,0.003,2,32,128,3500,0.140625,
opt_ngd_seq32_d128_ngd_lr0p01_seed0,6.283438205718994,0.150390625,0.021484375,-0.1411823630332946,0.1484375,0.1796875,3500,two_layer_attn,all,128,4,32,128,128,512,7,ngd,0.01,0.02,0,41.8894398000557,243072,243072,32,448000,14784000,512,0.1428571428571428,opt,ngd,two_layer_attn,all,ngd,0.01,0,32,128,3500,0.15046037946428573,
opt_ngd_seq32_d128_ngd_lr0p01_seed1,6.297842025756836,0.162109375,0.01953125,-0.138529822230339,0.1484375,0.171875,3500,two_layer_attn,all,128,4,32,128,128,512,7,ngd,0.01,0.02,1,42.01177470013499,243072,243072,32,448000,14784000,512,0.1428571428571428,opt,ngd,two_layer_attn,all,ngd,0.01,1,32,128,3500,0.14529854910714285,
opt_ngd_seq32_d128_ngd_lr0p01_seed2,6.275810241699219,0.14453125,0.025390625,-0.1426552236080169,0.1484375,0.109375,3500,two_layer_attn,all,128,4,32,128,128,512,7,ngd,0.01,0.02,2,39.9604933001101,243072,243072,32,448000,14784000,512,0.1428571428571428,opt,ngd,two_layer_attn,all,ngd,0.01,2,32,128,3500,0.14397321428571427,
opt_ngd_seq32_d128_ngd_lr0p03_seed0,6.189091205596924,0.158203125,0.01171875,-0.1875300109386444,0.109375,0.1796875,3500,two_layer_attn,all,128,4,32,128,128,512,7,ngd,0.03,0.02,0,41.1848838001024,243072,243072,32,448000,14784000,512,0.1428571428571428,opt,ngd,two_layer_attn,all,ngd,0.03,0,32,128,3500,0.14892578125,
opt_ngd_seq32_d128_ngd_lr0p03_seed1,6.230730056762695,0.158203125,0.0078125,-0.2588594555854797,0.078125,0.2265625,3500,two_layer_attn,all,128,4,32,128,128,512,7,ngd,0.03,0.02,1,44.46505610016175,243072,243072,32,448000,14784000,512,0.1428571428571428,opt,ngd,two_layer_attn,all,ngd,0.03,1,32,128,3500,0.15046037946428573,
opt_ngd_seq32_d128_ngd_lr0p03_seed2,6.198208808898926,0.15625,0.01171875,-0.1829464882612228,0.1484375,0.140625,3500,two_layer_attn,all,128,4,32,128,128,512,7,ngd,0.03,0.02,2,43.31440340005793,243072,243072,32,448000,14784000,512,0.1428571428571428,opt,ngd,two_layer_attn,all,ngd,0.03,2,32,128,3500,0.13950892857142858,
opt_ngd_seq32_d128_ngd_lr0p1_seed0,6.188764572143555,0.154296875,0.005859375,-0.4890176355838775,0.1484375,0.1328125,3500,two_layer_attn,all,128,4,32,128,128,512,7,ngd,0.1,0.02,0,42.92697159992531,243072,243072,32,448000,14784000,512,0.1428571428571428,opt,ngd,two_layer_attn,all,ngd,0.1,0,32,128,3500,0.14139229910714285,
opt_ngd_seq32_d128_ngd_lr0p1_seed1,6.150751113891602,0.154296875,0.0078125,-0.4720178246498108,0.15625,0.1640625,3500,two_layer_attn,all,128,4,32,128,128,512,7,ngd,0.1,0.02,1,43.20879099983722,243072,243072,32,448000,14784000,512,0.1428571428571428,opt,ngd,two_layer_attn,all,ngd,0.1,1,32,128,3500,0.14097377232142858,
opt_ngd_seq32_d128_ngd_lr0p1_seed2,6.18108606338501,0.123046875,0.001953125,-0.4678289592266083,0.109375,0.140625,3500,two_layer_attn,all,128,4,32,128,128,512,7,ngd,0.1,0.02,2,42.03474529995583,243072,243072,32,448000,14784000,512,0.1428571428571428,opt,ngd,two_layer_attn,all,ngd,0.1,2,32,128,3500,0.13776506696428573,
opt_ngd_seq32_d128_ngd_lr1em05_seed0,6.742959499359131,0.13671875,0.0,-0.2821032702922821,0.1171875,0.171875,3500,two_layer_attn,all,128,4,32,128,128,512,7,ngd,1e-05,0.02,0,43.67279419978149,243072,243072,32,448000,14784000,512,0.1428571428571428,opt,ngd,two_layer_attn,all,ngd,1e-05,0,32,128,3500,0.1494140625,
opt_ngd_seq32_d128_ngd_lr1em05_seed1,6.764952182769775,0.15234375,0.0,-0.2810199856758117,0.171875,0.171875,3500,two_layer_attn,all,128,4,32,128,128,512,7,ngd,1e-05,0.02,1,45.680150700034574,243072,243072,32,448000,14784000,512,0.1428571428571428,opt,ngd,two_layer_attn,all,ngd,1e-05,1,32,128,3500,0.14439174107142858,
opt_ngd_seq32_d128_ngd_lr1em05_seed2,6.74415922164917,0.15625,0.0,-0.277465283870697,0.1484375,0.1484375,3500,two_layer_attn,all,128,4,32,128,128,512,7,ngd,1e-05,0.02,2,43.71305900020525,243072,243072,32,448000,14784000,512,0.1428571428571428,opt,ngd,two_layer_attn,all,ngd,1e-05,2,32,128,3500,0.13560267857142858,
opt_ngd_seq32_d128_ngd_lr1em06_seed0,6.746143817901611,0.140625,0.0,-0.2829513251781463,0.1328125,0.1640625,3500,two_layer_attn,all,128,4,32,128,128,512,7,ngd,1e-06,0.02,0,40.50467270007357,243072,243072,32,448000,14784000,512,0.1428571428571428,opt,ngd,two_layer_attn,all,ngd,1e-06,0,32,128,3500,0.15011160714285715,
opt_ngd_seq32_d128_ngd_lr1em06_seed1,6.768752098083496,0.142578125,0.0,-0.2819547951221466,0.1484375,0.1640625,3500,two_layer_attn,all,128,4,32,128,128,512,7,ngd,1e-06,0.02,1,42.55631899996661,243072,243072,32,448000,14784000,512,0.1428571428571428,opt,ngd,two_layer_attn,all,ngd,1e-06,1,32,128,3500,0.14334542410714285,
opt_ngd_seq32_d128_ngd_lr1em06_seed2,6.747002124786377,0.158203125,0.0,-0.2787850499153137,0.140625,0.1484375,3500,two_layer_attn,all,128,4,32,128,128,512,7,ngd,1e-06,0.02,2,44.35039929999039,243072,243072,32,448000,14784000,512,0.1428571428571428,opt,ngd,two_layer_attn,all,ngd,1e-06,2,32,128,3500,0.13483537946428573,
opt_ngd_seq32_d128_ngd_lr3em05_seed0,6.736105442047119,0.12890625,0.0,-0.2805472612380981,0.1015625,0.171875,3500,two_layer_attn,all,128,4,32,128,128,512,7,ngd,3e-05,0.02,0,43.037350700004026,243072,243072,32,448000,14784000,512,0.1428571428571428,opt,ngd,two_layer_attn,all,ngd,3e-05,0,32,128,3500,0.15025111607142858,
opt_ngd_seq32_d128_ngd_lr3em05_seed1,6.75658130645752,0.158203125,0.0,-0.2793774604797363,0.171875,0.1875,3500,two_layer_attn,all,128,4,32,128,128,512,7,ngd,3e-05,0.02,1,40.46369170001708,243072,243072,32,448000,14784000,512,0.1428571428571428,opt,ngd,two_layer_attn,all,ngd,3e-05,1,32,128,3500,0.14515904017857142,
opt_ngd_seq32_d128_ngd_lr3em05_seed2,6.737978458404541,0.162109375,0.0,-0.2747401595115661,0.1640625,0.140625,3500,two_layer_attn,all,128,4,32,128,128,512,7,ngd,3e-05,0.02,2,40.05067889997736,243072,243072,32,448000,14784000,512,0.1428571428571428,opt,ngd,two_layer_attn,all,ngd,3e-05,2,32,128,3500,0.13818359375,
opt_ngd_seq32_d128_ngd_lr3em06_seed0,6.7454142570495605,0.140625,0.0,-0.2826458811759949,0.125,0.171875,3500,two_layer_attn,all,128,4,32,128,128,512,7,ngd,3e-06,0.02,0,41.92038540006615,243072,243072,32,448000,14784000,512,0.1428571428571428,opt,ngd,two_layer_attn,all,ngd,3e-06,0,32,128,3500,0.14969308035714285,
opt_ngd_seq32_d128_ngd_lr3em06_seed1,6.767887115478516,0.146484375,0.0,-0.2816632390022278,0.1640625,0.1640625,3500,two_layer_attn,all,128,4,32,128,128,512,7,ngd,3e-06,0.02,1,43.519239200046286,243072,243072,32,448000,14784000,512,0.1428571428571428,opt,ngd,two_layer_attn,all,ngd,3e-06,1,32,128,3500,0.14334542410714285,
opt_ngd_seq32_d128_ngd_lr3em06_seed2,6.746350288391113,0.158203125,0.0,-0.278402030467987,0.140625,0.1484375,3500,two_layer_attn,all,128,4,32,128,128,512,7,ngd,3e-06,0.02,2,45.50158100016415,243072,243072,32,448000,14784000,512,0.1428571428571428,opt,ngd,two_layer_attn,all,ngd,3e-06,2,32,128,3500,0.13539341517857142,
opt_sgd_seq32_d128_sgd_lr0p0001_seed0,6.715023040771484,0.134765625,0.0,-0.2740091979503631,0.0859375,0.1640625,3500,two_layer_attn,all,128,4,32,128,128,512,7,sgd,0.0001,0.02,0,38.87309619993903,243072,243072,32,448000,14784000,512,0.1428571428571428,opt,sgd,two_layer_attn,all,sgd,0.0001,0,32,128,3500,0.15185546875,
opt_sgd_seq32_d128_sgd_lr0p0001_seed1,6.729342937469482,0.16015625,0.0,-0.273772656917572,0.1640625,0.1875,3500,two_layer_attn,all,128,4,32,128,128,512,7,sgd,0.0001,0.02,1,39.668356999987736,243072,243072,32,448000,14784000,512,0.1428571428571428,opt,sgd,two_layer_attn,all,sgd,0.0001,1,32,128,3500,0.14369419642857142,
opt_sgd_seq32_d128_sgd_lr0p0001_seed2,6.718088150024414,0.154296875,0.0,-0.266446053981781,0.140625,0.140625,3500,two_layer_attn,all,128,4,32,128,128,512,7,sgd,0.0001,0.02,2,38.99952229997143,243072,243072,32,448000,14784000,512,0.1428571428571428,opt,sgd,two_layer_attn,all,sgd,0.0001,2,32,128,3500,0.14027622767857142,
opt_sgd_seq32_d128_sgd_lr0p0003_seed0,6.67337703704834,0.14453125,0.0,-0.253000795841217,0.09375,0.1640625,3500,two_layer_attn,all,128,4,32,128,128,512,7,sgd,0.0003,0.02,0,37.378746199887246,243072,243072,32,448000,14784000,512,0.1428571428571428,opt,sgd,two_layer_attn,all,sgd,0.0003,0,32,128,3500,0.15262276785714285,
opt_sgd_seq32_d128_sgd_lr0p0003_seed1,6.674665927886963,0.150390625,0.0,-0.2531805336475372,0.15625,0.1640625,3500,two_layer_attn,all,128,4,32,128,128,512,7,sgd,0.0003,0.02,1,38.15832899999805,243072,243072,32,448000,14784000,512,0.1428571428571428,opt,sgd,two_layer_attn,all,sgd,0.0003,1,32,128,3500,0.14460100446428573,
opt_sgd_seq32_d128_sgd_lr0p0003_seed2,6.6744890213012695,0.12890625,0.0,-0.2469753921031952,0.109375,0.1171875,3500,two_layer_attn,all,128,4,32,128,128,512,7,sgd,0.0003,0.02,2,38.40510619990528,243072,243072,32,448000,14784000,512,0.1428571428571428,opt,sgd,two_layer_attn,all,sgd,0.0003,2,32,128,3500,0.14034598214285715,
opt_sgd_seq32_d128_sgd_lr0p001_seed0,6.57120418548584,0.14453125,0.0,-0.1918335258960724,0.109375,0.15625,3500,two_layer_attn,all,128,4,32,128,128,512,7,sgd,0.001,0.02,0,38.76802620012313,243072,243072,32,448000,14784000,512,0.1428571428571428,opt,sgd,two_layer_attn,all,sgd,0.001,0,32,128,3500,0.15011160714285715,
opt_sgd_seq32_d128_sgd_lr0p001_seed1,6.566435813903809,0.1484375,0.00390625,-0.1874090731143951,0.1484375,0.140625,3500,two_layer_attn,all,128,4,32,128,128,512,7,sgd,0.001,0.02,1,41.444506200030446,243072,243072,32,448000,14784000,512,0.1428571428571428,opt,sgd,two_layer_attn,all,sgd,0.001,1,32,128,3500,0.14313616071428573,
opt_sgd_seq32_d128_sgd_lr0p001_seed2,6.568533897399902,0.13671875,0.0,-0.1846493035554886,0.140625,0.1328125,3500,two_layer_attn,all,128,4,32,128,128,512,7,sgd,0.001,0.02,2,39.50169620011002,243072,243072,32,448000,14784000,512,0.1428571428571428,opt,sgd,two_layer_attn,all,sgd,0.001,2,32,128,3500,0.13978794642857142,
opt_sgd_seq32_d128_sgd_lr0p003_seed0,6.420553207397461,0.130859375,0.00390625,-0.0973476022481918,0.09375,0.125,3500,two_layer_attn,all,128,4,32,128,128,512,7,sgd,0.003,0.02,0,40.2148541000206,243072,243072,32,448000,14784000,512,0.1428571428571428,opt,sgd,two_layer_attn,all,sgd,0.003,0,32,128,3500,0.15366908482142858,
opt_sgd_seq32_d128_sgd_lr0p003_seed1,6.421243667602539,0.15234375,0.00390625,-0.0932973846793174,0.1328125,0.1875,3500,two_layer_attn,all,128,4,32,128,128,512,7,sgd,0.003,0.02,1,39.79824670008384,243072,243072,32,448000,14784000,512,0.1428571428571428,opt,sgd,two_layer_attn,all,sgd,0.003,1,32,128,3500,0.14453125,
opt_sgd_seq32_d128_sgd_lr0p003_seed2,6.417244911193848,0.125,0.00390625,-0.0908971950411796,0.1171875,0.1171875,3500,two_layer_attn,all,128,4,32,128,128,512,7,sgd,0.003,0.02,2,38.353775300085545,243072,243072,32,448000,14784000,512,0.1428571428571428,opt,sgd,two_layer_attn,all,sgd,0.003,2,32,128,3500,0.140625,
opt_sgd_seq32_d128_sgd_lr0p01_seed0,6.2834153175354,0.150390625,0.021484375,-0.1412052065134048,0.1484375,0.1796875,3500,two_layer_attn,all,128,4,32,128,128,512,7,sgd,0.01,0.02,0,38.31191249983385,243072,243072,32,448000,14784000,512,0.1428571428571428,opt,sgd,two_layer_attn,all,sgd,0.01,0,32,128,3500,0.15046037946428573,
opt_sgd_seq32_d128_sgd_lr0p01_seed1,6.297817707061768,0.162109375,0.01953125,-0.1385548263788223,0.1484375,0.171875,3500,two_layer_attn,all,128,4,32,128,128,512,7,sgd,0.01,0.02,1,38.96991270012222,243072,243072,32,448000,14784000,512,0.1428571428571428,opt,sgd,two_layer_attn,all,sgd,0.01,1,32,128,3500,0.14529854910714285,
opt_sgd_seq32_d128_sgd_lr0p01_seed2,6.275788307189941,0.14453125,0.025390625,-0.1426791250705719,0.1484375,0.109375,3500,two_layer_attn,all,128,4,32,128,128,512,7,sgd,0.01,0.02,2,37.80381019995548,243072,243072,32,448000,14784000,512,0.1428571428571428,opt,sgd,two_layer_attn,all,sgd,0.01,2,32,128,3500,0.14397321428571427,
opt_sgd_seq32_d128_sgd_lr0p03_seed0,6.189099311828613,0.158203125,0.01171875,-0.1875286996364593,0.109375,0.1796875,3500,two_layer_attn,all,128,4,32,128,128,512,7,sgd,0.03,0.02,0,40.71339589986019,243072,243072,32,448000,14784000,512,0.1428571428571428,opt,sgd,two_layer_attn,all,sgd,0.03,0,32,128,3500,0.14892578125,
opt_sgd_seq32_d128_sgd_lr0p03_seed1,6.23073673248291,0.158203125,0.0078125,-0.2588614225387573,0.078125,0.2265625,3500,two_layer_attn,all,128,4,32,128,128,512,7,sgd,0.03,0.02,1,39.14484289987013,243072,243072,32,448000,14784000,512,0.1428571428571428,opt,sgd,two_layer_attn,all,sgd,0.03,1,32,128,3500,0.15046037946428573,
opt_sgd_seq32_d128_sgd_lr0p03_seed2,6.198217868804932,0.15625,0.01171875,-0.182946428656578,0.1484375,0.140625,3500,two_layer_attn,all,128,4,32,128,128,512,7,sgd,0.03,0.02,2,38.90972579992376,243072,243072,32,448000,14784000,512,0.1428571428571428,opt,sgd,two_layer_attn,all,sgd,0.03,2,32,128,3500,0.13950892857142858,
opt_sgd_seq32_d128_sgd_lr0p1_seed0,6.1897478103637695,0.162109375,0.005859375,-0.4894115924835205,0.1484375,0.1484375,3500,two_layer_attn,all,128,4,32,128,128,512,7,sgd,0.1,0.02,0,39.96699510002509,243072,243072,32,448000,14784000,512,0.1428571428571428,opt,sgd,two_layer_attn,all,sgd,0.1,0,32,128,3500,0.14195033482142858,
opt_sgd_seq32_d128_sgd_lr0p1_seed1,6.153567790985107,0.15234375,0.005859375,-0.4723845720291137,0.15625,0.1640625,3500,two_layer_attn,all,128,4,32,128,128,512,7,sgd,0.1,0.02,1,39.64363359985873,243072,243072,32,448000,14784000,512,0.1428571428571428,opt,sgd,two_layer_attn,all,sgd,0.1,1,32,128,3500,0.14369419642857142,
opt_sgd_seq32_d128_sgd_lr0p1_seed2,6.179399967193604,0.12890625,0.001953125,-0.4652221202850342,0.125,0.1484375,3500,two_layer_attn,all,128,4,32,128,128,512,7,sgd,0.1,0.02,2,38.356211999896914,243072,243072,32,448000,14784000,512,0.1428571428571428,opt,sgd,two_layer_attn,all,sgd,0.1,2,32,128,3500,0.13853236607142858,
opt_sgd_seq32_d128_sgd_lr1em05_seed0,6.742963790893555,0.13671875,0.0,-0.2821285724639892,0.1171875,0.171875,3500,two_layer_attn,all,128,4,32,128,128,512,7,sgd,1e-05,0.02,0,38.96037409990095,243072,243072,32,448000,14784000,512,0.1428571428571428,opt,sgd,two_layer_attn,all,sgd,1e-05,0,32,128,3500,0.1494140625,
opt_sgd_seq32_d128_sgd_lr1em05_seed1,6.764956951141357,0.15234375,0.0,-0.2810365557670593,0.171875,0.171875,3500,two_layer_attn,all,128,4,32,128,128,512,7,sgd,1e-05,0.02,1,38.99555470002815,243072,243072,32,448000,14784000,512,0.1428571428571428,opt,sgd,two_layer_attn,all,sgd,1e-05,1,32,128,3500,0.14439174107142858,
opt_sgd_seq32_d128_sgd_lr1em05_seed2,6.744162082672119,0.15625,0.0,-0.2774872481822967,0.1484375,0.1484375,3500,two_layer_attn,all,128,4,32,128,128,512,7,sgd,1e-05,0.02,2,39.62788449996151,243072,243072,32,448000,14784000,512,0.1428571428571428,opt,sgd,two_layer_attn,all,sgd,1e-05,2,32,128,3500,0.13560267857142858,
opt_sgd_seq32_d128_sgd_lr1em06_seed0,6.7461419105529785,0.140625,0.0,-0.282941460609436,0.1328125,0.1640625,3500,two_layer_attn,all,128,4,32,128,128,512,7,sgd,1e-06,0.02,0,37.61342060007155,243072,243072,32,448000,14784000,512,0.1428571428571428,opt,sgd,two_layer_attn,all,sgd,1e-06,0,32,128,3500,0.15011160714285715,
opt_sgd_seq32_d128_sgd_lr1em06_seed1,6.7687506675720215,0.142578125,0.0,-0.2819475829601288,0.1484375,0.1640625,3500,two_layer_attn,all,128,4,32,128,128,512,7,sgd,1e-06,0.02,1,37.14483750006184,243072,243072,32,448000,14784000,512,0.1428571428571428,opt,sgd,two_layer_attn,all,sgd,1e-06,1,32,128,3500,0.14334542410714285,
opt_sgd_seq32_d128_sgd_lr1em06_seed2,6.7470011711120605,0.158203125,0.0,-0.2787774801254272,0.140625,0.1484375,3500,two_layer_attn,all,128,4,32,128,128,512,7,sgd,1e-06,0.02,2,38.49901099991985,243072,243072,32,448000,14784000,512,0.1428571428571428,opt,sgd,two_layer_attn,all,sgd,1e-06,2,32,128,3500,0.13483537946428573,
opt_sgd_seq32_d128_sgd_lr3em05_seed0,6.736106395721436,0.12890625,0.0,-0.2805507779121399,0.1015625,0.171875,3500,two_layer_attn,all,128,4,32,128,128,512,7,sgd,3e-05,0.02,0,37.87874990003184,243072,243072,32,448000,14784000,512,0.1428571428571428,opt,sgd,two_layer_attn,all,sgd,3e-05,0,32,128,3500,0.15025111607142858,
opt_sgd_seq32_d128_sgd_lr3em05_seed1,6.756581783294678,0.158203125,0.0,-0.2793783843517303,0.171875,0.1875,3500,two_layer_attn,all,128,4,32,128,128,512,7,sgd,3e-05,0.02,1,37.6693044998683,243072,243072,32,448000,14784000,512,0.1428571428571428,opt,sgd,two_layer_attn,all,sgd,3e-05,1,32,128,3500,0.14515904017857142,
opt_sgd_seq32_d128_sgd_lr3em05_seed2,6.737979412078857,0.162109375,0.0,-0.2747398316860199,0.1640625,0.140625,3500,two_layer_attn,all,128,4,32,128,128,512,7,sgd,3e-05,0.02,2,40.15899200015701,243072,243072,32,448000,14784000,512,0.1428571428571428,opt,sgd,two_layer_attn,all,sgd,3e-05,2,32,128,3500,0.13818359375,
opt_sgd_seq32_d128_sgd_lr3em06_seed0,6.745428085327148,0.140625,0.0,-0.2827240526676178,0.125,0.171875,3500,two_layer_attn,all,128,4,32,128,128,512,7,sgd,3e-06,0.02,0,40.09000519989058,243072,243072,32,448000,14784000,512,0.1428571428571428,opt,sgd,two_layer_attn,all,sgd,3e-06,0,32,128,3500,0.14969308035714285,
opt_sgd_seq32_d128_sgd_lr3em06_seed1,6.767903327941895,0.146484375,0.0,-0.2817401885986328,0.1640625,0.1640625,3500,two_layer_attn,all,128,4,32,128,128,512,7,sgd,3e-06,0.02,1,39.39291809988208,243072,243072,32,448000,14784000,512,0.1428571428571428,opt,sgd,two_layer_attn,all,sgd,3e-06,1,32,128,3500,0.14320591517857142,
opt_sgd_seq32_d128_sgd_lr3em06_seed2,6.746366024017334,0.158203125,0.0,-0.278484582901001,0.140625,0.1484375,3500,two_layer_attn,all,128,4,32,128,128,512,7,sgd,3e-06,0.02,2,39.87500010011718,243072,243072,32,448000,14784000,512,0.1428571428571428,opt,sgd,two_layer_attn,all,sgd,3e-06,2,32,128,3500,0.13525390625,
