auc_score,case_id,criterion,family,final_loss,final_minus_wstar,late_score,lr,method,runs,score,wstar_loss,wstar_status
1.975932821526007,ptb,auc,natural_conditional,7.005074241780249,0.15511394288581393,7.077261608034089,,gd_ls,1,1.975932821526007,6.849960298894435,approximate
1.9414670138217116,ptb,auc,natural_conditional,6.890482268816226,0.04052196992179091,6.90740552827412,,muon_ls,1,1.9414670138217116,6.849960298894435,approximate
1.92832682405543,ptb,auc,natural_conditional,6.848189487578942,-0.0017708113154926153,6.8484074666401105,,h0_ls,1,1.92832682405543,6.849960298894435,approximate
1.965871191139461,ptb,auc,natural_conditional,6.9579970922924606,0.10803679339802574,7.014620558895431,,signgd_ls,1,1.965871191139461,6.849960298894435,approximate
1.9680471960252204,ptb,auc,natural_conditional,6.951314609672632,0.10135431077819756,7.025394019116168,421.6965034285823,gd_const,1,1.9680471960252204,6.849960298894435,approximate
1.9668337972713306,ptb,auc,natural_conditional,6.993690869473763,0.14373057057932836,7.028653419100802,10.0,ngd_const,1,1.9668337972713306,6.849960298894435,approximate
1.9423611582023488,ptb,auc,natural_conditional,6.894507125786583,0.04454682689214806,6.90036269030929,2.3713737056616555,muon_const,1,1.9423611582023488,6.849960298894435,approximate
1.930676873829714,ptb,auc,natural_conditional,6.858534992404856,0.00857469351042095,6.856967860019444,0.056234132519034905,h0_const,1,1.930676873829714,6.849960298894435,approximate
1.9769974928621876,ptb,auc,natural_conditional,7.11224023735272,0.2622799384582848,7.126998030356985,0.03162277660168379,signgd_const,1,1.9769974928621876,6.849960298894435,approximate
1.975932821526007,ptb,late,natural_conditional,7.005074241780249,0.15511394288581393,7.077261608034089,,gd_ls,1,7.077261608034089,6.849960298894435,approximate
1.9414670138217116,ptb,late,natural_conditional,6.890482268816226,0.04052196992179091,6.90740552827412,,muon_ls,1,6.90740552827412,6.849960298894435,approximate
1.92832682405543,ptb,late,natural_conditional,6.848189487578942,-0.0017708113154926153,6.8484074666401105,,h0_ls,1,6.8484074666401105,6.849960298894435,approximate
1.965871191139461,ptb,late,natural_conditional,6.9579970922924606,0.10803679339802574,7.014620558895431,,signgd_ls,1,7.014620558895431,6.849960298894435,approximate
1.9680471960252204,ptb,late,natural_conditional,6.951314609672632,0.10135431077819756,7.025394019116168,421.6965034285823,gd_const,1,7.025394019116168,6.849960298894435,approximate
1.9686566865432777,ptb,late,natural_conditional,6.979989670516403,0.13002937162196826,7.020918458567019,5.623413251903491,ngd_const,1,7.020918458567019,6.849960298894435,approximate
1.9455198360641306,ptb,late,natural_conditional,6.871680843359421,0.02172054446498617,6.879816360636387,1.333521432163324,muon_const,1,6.879816360636387,6.849960298894435,approximate
1.9311832317741926,ptb,late,natural_conditional,6.848217485195201,-0.0017428136992334586,6.848579566626723,0.042169650342858224,h0_const,1,6.848579566626723,6.849960298894435,approximate
1.9825456322860622,ptb,late,natural_conditional,7.006579479468218,0.15661918057378355,7.066408952034331,0.01,signgd_const,1,7.066408952034331,6.849960298894435,approximate
-0.16622926973675153,sampled_onehot,auc,finite_support,0.7539340350424122,0.00965758737753375,0.7718339039997499,,gd_ls,1,-0.16622926973675153,0.7442764476648784,attempted_zero_support_approximate
-0.24024794764746685,sampled_onehot,auc,finite_support,0.7319783158120869,-0.012298131852791494,0.7367828534814591,,muon_ls,1,-0.24024794764746685,0.7442764476648784,attempted_zero_support_approximate
-0.18174239084363947,sampled_onehot,auc,finite_support,0.7578679945427569,0.013591546877878447,0.7731168329227474,,h0_ls,1,-0.18174239084363947,0.7442764476648784,attempted_zero_support_approximate
-0.16181731374499728,sampled_onehot,auc,finite_support,0.7577730628663422,0.013496615201463724,0.7729439029269889,,signgd_ls,1,-0.16181731374499728,0.7442764476648784,attempted_zero_support_approximate
-0.0826489061839913,sampled_onehot,auc,finite_support,0.7414241656130589,-0.0028522820518195324,0.7561417798378618,10000.0,gd_const,1,-0.0826489061839913,0.7442764476648784,attempted_zero_support_approximate
-0.13883079604176976,sampled_onehot,auc,finite_support,0.7586570052610254,0.014380557596146981,0.7668531510561201,42.16965034285822,ngd_const,1,-0.13883079604176976,0.7442764476648784,attempted_zero_support_approximate
-0.1426794610420762,sampled_onehot,auc,finite_support,0.780678560468276,0.03640211280339756,0.7808109895262547,4.216965034285822,muon_const,1,-0.1426794610420762,0.7442764476648784,attempted_zero_support_approximate
-0.18535661843994394,sampled_onehot,auc,finite_support,0.7534971799971485,0.009220732332270054,0.7667250581964312,0.1333521432163324,h0_const,1,-0.18535661843994394,0.7442764476648784,attempted_zero_support_approximate
-0.11513438026066398,sampled_onehot,auc,finite_support,0.7839009554642675,0.039624507799389086,0.7956365071958991,0.237137370566,signgd_const,1,-0.11513438026066398,0.7442764476648784,attempted_zero_support_approximate
-0.16622926973675153,sampled_onehot,late,finite_support,0.7539340350424122,0.00965758737753375,0.7718339039997499,,gd_ls,1,0.7718339039997499,0.7442764476648784,attempted_zero_support_approximate
-0.24024794764746685,sampled_onehot,late,finite_support,0.7319783158120869,-0.012298131852791494,0.7367828534814591,,muon_ls,1,0.7367828534814591,0.7442764476648784,attempted_zero_support_approximate
-0.18174239084363947,sampled_onehot,late,finite_support,0.7578679945427569,0.013591546877878447,0.7731168329227474,,h0_ls,1,0.7731168329227474,0.7442764476648784,attempted_zero_support_approximate
-0.16181731374499728,sampled_onehot,late,finite_support,0.7577730628663422,0.013496615201463724,0.7729439029269889,,signgd_ls,1,0.7729439029269889,0.7442764476648784,attempted_zero_support_approximate
-0.06895017020011625,sampled_onehot,late,finite_support,0.7453944669555421,0.0011180192906636854,0.7493294393795678,13335.21432163324,gd_const,1,0.7493294393795678,0.7442764476648784,attempted_zero_support_approximate
-0.09888599432577334,sampled_onehot,late,finite_support,0.7443826690495066,0.00010622138462812458,0.7579253709276351,23.713737056616555,ngd_const,1,0.7579253709276351,0.7442764476648784,attempted_zero_support_approximate
-0.05710328998608082,sampled_onehot,late,finite_support,0.7417359675414207,-0.0025404801234577556,0.7448330261489378,1.77827941004,muon_const,1,0.7448330261489378,0.7442764476648784,attempted_zero_support_approximate
-0.18535661843994394,sampled_onehot,late,finite_support,0.7534971799971485,0.009220732332270054,0.7667250581964312,0.1333521432163324,h0_const,1,0.7667250581964312,0.7442764476648784,attempted_zero_support_approximate
-0.0881141369595305,sampled_onehot,late,finite_support,0.7770055076839919,0.032729060019113465,0.7785681076782394,0.133352143216,signgd_const,1,0.7785681076782394,0.7442764476648784,attempted_zero_support_approximate
-2.4935658568119807,hard_copy,auc,copy_am,0.01404994985966509,,0.04192822686612981,,gd_ls,1,-2.4935658568119807,,skipped_definitely_no_finite_optimum
-2.5246589269226223,hard_copy,auc,copy_am,0.01656758274005779,,0.043336772979874795,,muon_ls,1,-2.5246589269226223,,skipped_definitely_no_finite_optimum
-2.1357844272283084,hard_copy,auc,copy_am,0.03246887149937368,,0.07212542864207111,,h0_ls,1,-2.1357844272283084,,skipped_definitely_no_finite_optimum
-2.003563969723653,hard_copy,auc,copy_am,0.0431479100802277,,0.0839891827346129,,signgd_ls,1,-2.003563969723653,,skipped_definitely_no_finite_optimum
-2.3976670850930732,hard_copy,auc,copy_am,0.0008217869039467125,,0.0038638734750659123,316227.76601683797,gd_const,1,-2.3976670850930732,,skipped_definitely_no_finite_optimum
-3.1130552518836385,hard_copy,auc,copy_am,0.003641424914613124,,0.016631755668824657,177.82794100389228,ngd_const,1,-3.1130552518836385,,skipped_definitely_no_finite_optimum
-2.9554655808692236,hard_copy,auc,copy_am,0.004930159444376036,,0.021717736220059278,17.78279410038923,muon_const,1,-2.9554655808692236,,skipped_definitely_no_finite_optimum
-3.9768132702642625,hard_copy,auc,copy_am,0.0011976156679868674,,0.0019235283150820374,2.3713737056616555,h0_const,1,-3.9768132702642625,,skipped_definitely_no_finite_optimum
-2.669462718605764,hard_copy,auc,copy_am,0.008084218642899522,,0.03080974716229359,0.749894209332,signgd_const,1,-2.669462718605764,,skipped_definitely_no_finite_optimum
-2.4935658568119807,hard_copy,late,copy_am,0.01404994985966509,,0.04192822686612981,,gd_ls,1,0.04192822686612981,,skipped_definitely_no_finite_optimum
-2.5246589269226223,hard_copy,late,copy_am,0.01656758274005779,,0.043336772979874795,,muon_ls,1,0.043336772979874795,,skipped_definitely_no_finite_optimum
-2.1357844272283084,hard_copy,late,copy_am,0.03246887149937368,,0.07212542864207111,,h0_ls,1,0.07212542864207111,,skipped_definitely_no_finite_optimum
-2.003563969723653,hard_copy,late,copy_am,0.0431479100802277,,0.0839891827346129,,signgd_ls,1,0.0839891827346129,,skipped_definitely_no_finite_optimum
-2.3976670850930732,hard_copy,late,copy_am,0.0008217869039467125,,0.0038638734750659123,316227.76601683797,gd_const,1,0.0038638734750659123,,skipped_definitely_no_finite_optimum
-3.1130552518836385,hard_copy,late,copy_am,0.003641424914613124,,0.016631755668824657,177.82794100389228,ngd_const,1,0.016631755668824657,,skipped_definitely_no_finite_optimum
-2.9554655808692236,hard_copy,late,copy_am,0.004930159444376036,,0.021717736220059278,17.78279410038923,muon_const,1,0.021717736220059278,,skipped_definitely_no_finite_optimum
-3.1068137725530995,hard_copy,late,copy_am,0.00025618075969909725,,0.0009973424599906704,3.1622776601683795,h0_const,1,0.0009973424599906704,,skipped_definitely_no_finite_optimum
-2.669462718605764,hard_copy,late,copy_am,0.008084218642899522,,0.03080974716229359,0.749894209332,signgd_const,1,0.03080974716229359,,skipped_definitely_no_finite_optimum
1.8104722251932601,soft_copy_05,auc,copy_am,5.761674381381114,0.5740924463444106,5.902785750977359,,gd_ls,1,1.8104722251932601,5.187581935036704,approximate
1.6863445400607813,soft_copy_05,auc,copy_am,5.297305175045592,0.10972324000888811,5.319505153276345,,muon_ls,1,1.6863445400607813,5.187581935036704,approximate
1.6575462122818518,soft_copy_05,auc,copy_am,5.173025895017636,-0.01455604001906785,5.175163774613522,,h0_ls,1,1.6575462122818518,5.187581935036704,approximate
1.7890469390814343,soft_copy_05,auc,copy_am,5.633796352291667,0.44621441725496336,5.774271034022955,,signgd_ls,1,1.7890469390814343,5.187581935036704,approximate
1.7954498957066067,soft_copy_05,auc,copy_am,5.597590210594327,0.4100082755576233,5.803920193094304,237.13737056616557,gd_const,1,1.7954498957066067,5.187581935036704,approximate
1.7970998260354893,soft_copy_05,auc,copy_am,5.742855207042162,0.5552732720054578,5.811274549451629,10.0,ngd_const,1,1.7970998260354893,5.187581935036704,approximate
1.7021271595547318,soft_copy_05,auc,copy_am,5.29567975114657,0.1080978161098658,5.318515282973275,0.7498942093324559,muon_const,1,1.7021271595547318,5.187581935036704,approximate
1.6602900469434165,soft_copy_05,auc,copy_am,5.173117819975713,-0.014464115060991212,5.175561200928189,0.03162277660168379,h0_const,1,1.6602900469434165,5.187581935036704,approximate
1.8001419372501652,soft_copy_05,auc,copy_am,5.756222433729684,0.5686404986929805,5.819844269176521,0.0177827941004,signgd_const,1,1.8001419372501652,5.187581935036704,approximate
1.8104722251932601,soft_copy_05,late,copy_am,5.761674381381114,0.5740924463444106,5.902785750977359,,gd_ls,1,5.902785750977359,5.187581935036704,approximate
1.6863445400607813,soft_copy_05,late,copy_am,5.297305175045592,0.10972324000888811,5.319505153276345,,muon_ls,1,5.319505153276345,5.187581935036704,approximate
1.6575462122818518,soft_copy_05,late,copy_am,5.173025895017636,-0.01455604001906785,5.175163774613522,,h0_ls,1,5.175163774613522,5.187581935036704,approximate
1.7890469390814343,soft_copy_05,late,copy_am,5.633796352291667,0.44621441725496336,5.774271034022955,,signgd_ls,1,5.774271034022955,5.187581935036704,approximate
1.7954498957066067,soft_copy_05,late,copy_am,5.597590210594327,0.4100082755576233,5.803920193094304,237.13737056616557,gd_const,1,5.803920193094304,5.187581935036704,approximate
1.7970998260354893,soft_copy_05,late,copy_am,5.742855207042162,0.5552732720054578,5.811274549451629,10.0,ngd_const,1,5.811274549451629,5.187581935036704,approximate
1.7083950697810328,soft_copy_05,late,copy_am,5.274195101951777,0.08661316691507359,5.30738280735477,0.5623413251903491,muon_const,1,5.30738280735477,5.187581935036704,approximate
1.6602900469434165,soft_copy_05,late,copy_am,5.173117819975713,-0.014464115060991212,5.175561200928189,0.03162277660168379,h0_const,1,5.175561200928189,5.187581935036704,approximate
1.8017439076642858,soft_copy_05,late,copy_am,5.706801465817758,0.5192195307810543,5.796370894663611,0.0133352143216,signgd_const,1,5.796370894663611,5.187581935036704,approximate
2.0577436430267446,rewired,auc,null_no_association,7.741785950428903,0.03813888518388442,7.765689330475255,,gd_ls,1,2.0577436430267446,7.703647065245018,approximate
2.0615619487403163,rewired,auc,null_no_association,7.776490739780878,0.07284367453585983,7.803395336990603,,muon_ls,1,2.0615619487403163,7.703647065245018,approximate
2.042610544338118,rewired,auc,null_no_association,7.701825188991492,-0.0018218762535262556,7.701825182460378,,h0_ls,1,2.042610544338118,7.703647065245018,approximate
2.058194082007753,rewired,auc,null_no_association,7.756051869182951,0.05240480393793234,7.778137643477133,,signgd_ls,1,2.058194082007753,7.703647065245018,approximate
2.0562884569126294,rewired,auc,null_no_association,7.733065953260679,0.029418888015660727,7.75685631962879,421.6965034285823,gd_const,1,2.0562884569126294,7.703647065245018,approximate
2.0562192058843025,rewired,auc,null_no_association,7.734510184743252,0.030863119498233615,7.7649846281457044,7.498942093324558,ngd_const,1,2.0562192058843025,7.703647065245018,approximate
2.0523170326405498,rewired,auc,null_no_association,7.739892716281324,0.03624565103630584,7.736380842413379,4.216965034285822,muon_const,1,2.0523170326405498,7.703647065245018,approximate
2.0432320022804698,rewired,auc,null_no_association,7.7018251728171245,-0.0018218924278938786,7.70182521200742,0.1,h0_const,1,2.0432320022804698,7.703647065245018,approximate
2.060099676836674,rewired,auc,null_no_association,7.824075022505478,0.12042795726045963,7.811789121958784,0.0562341325191,signgd_const,1,2.060099676836674,7.703647065245018,approximate
2.0577436430267446,rewired,late,null_no_association,7.741785950428903,0.03813888518388442,7.765689330475255,,gd_ls,1,7.765689330475255,7.703647065245018,approximate
2.0615619487403163,rewired,late,null_no_association,7.776490739780878,0.07284367453585983,7.803395336990603,,muon_ls,1,7.803395336990603,7.703647065245018,approximate
2.042610544338118,rewired,late,null_no_association,7.701825188991492,-0.0018218762535262556,7.701825182460378,,h0_ls,1,7.701825182460378,7.703647065245018,approximate
2.058194082007753,rewired,late,null_no_association,7.756051869182951,0.05240480393793234,7.778137643477133,,signgd_ls,1,7.778137643477133,7.703647065245018,approximate
2.0562884569126294,rewired,late,null_no_association,7.733065953260679,0.029418888015660727,7.75685631962879,421.6965034285823,gd_const,1,7.75685631962879,7.703647065245018,approximate
2.0570385986165967,rewired,late,null_no_association,7.733767536163552,0.03012047091853365,7.758264035319561,4.216965034285822,ngd_const,1,7.758264035319561,7.703647065245018,approximate
2.055623388338273,rewired,late,null_no_association,7.709529570484507,0.005882505239488189,7.714688700811718,1.778279410038923,muon_const,1,7.714688700811718,7.703647065245018,approximate
2.0432320022804698,rewired,late,null_no_association,7.7018251728171245,-0.0018218924278938786,7.70182521200742,0.1,h0_const,1,7.70182521200742,7.703647065245018,approximate
2.0626208237718258,rewired,late,null_no_association,7.774109193716674,0.07046212847165556,7.7873904224953,0.0133352143216,signgd_const,1,7.7873904224953,7.703647065245018,approximate
2.0594372299768158,independent,auc,null_no_association,7.761915362155557,0.029280517158331243,7.782528500820876,,gd_ls,1,2.0594372299768158,7.732634844997226,approximate
2.064779557867333,independent,auc,null_no_association,7.804778682075568,0.07214383707834227,7.831242150074692,,muon_ls,1,2.064779557867333,7.732634844997226,approximate
2.0463618512081503,independent,auc,null_no_association,7.731269751875521,-0.0013650931217048523,7.731269772044188,,h0_ls,1,2.0463618512081503,7.732634844997226,approximate
2.060585104993125,independent,auc,null_no_association,7.781331094340787,0.048696249343561426,7.800669082025285,,signgd_ls,1,2.060585104993125,7.732634844997226,approximate
2.0582102838200766,independent,auc,null_no_association,7.775243830703544,0.04260898570631788,7.776052836187391,421.6965034285823,gd_const,1,2.0582102838200766,7.732634844997226,approximate
2.0583128514697697,independent,auc,null_no_association,7.759285760899793,0.026650915902567185,7.7861895072084675,7.498942093324558,ngd_const,1,2.0583128514697697,7.732634844997226,approximate
2.056113962212299,independent,auc,null_no_association,7.7655926252025615,0.032957780205335574,7.7677794845961685,4.216965034285822,muon_const,1,2.056113962212299,7.732634844997226,approximate
2.046948578243423,independent,auc,null_no_association,7.731269775899676,-0.0013650690975497426,7.731269793006838,0.1,h0_const,1,2.046948578243423,7.732634844997226,approximate
2.0624293204906596,independent,auc,null_no_association,7.845806548436218,0.11317170343899186,7.830664562457405,0.0562341325191,signgd_const,1,2.0624293204906596,7.732634844997226,approximate
2.0594372299768158,independent,late,null_no_association,7.761915362155557,0.029280517158331243,7.782528500820876,,gd_ls,1,7.782528500820876,7.732634844997226,approximate
2.064779557867333,independent,late,null_no_association,7.804778682075568,0.07214383707834227,7.831242150074692,,muon_ls,1,7.831242150074692,7.732634844997226,approximate
2.0463618512081503,independent,late,null_no_association,7.731269751875521,-0.0013650931217048523,7.731269772044188,,h0_ls,1,7.731269772044188,7.732634844997226,approximate
2.060585104993125,independent,late,null_no_association,7.781331094340787,0.048696249343561426,7.800669082025285,,signgd_ls,1,7.800669082025285,7.732634844997226,approximate
2.0582102838200766,independent,late,null_no_association,7.775243830703544,0.04260898570631788,7.776052836187391,421.6965034285823,gd_const,1,7.776052836187391,7.732634844997226,approximate
2.058985915690032,independent,late,null_no_association,7.756368019072387,0.0237331740751614,7.7777309245687105,4.216965034285822,ngd_const,1,7.7777309245687105,7.732634844997226,approximate
2.059588451944213,independent,late,null_no_association,7.739424679457003,0.006789834459777211,7.745685613067991,1.778279410038923,muon_const,1,7.745685613067991,7.732634844997226,approximate
2.046948578243423,independent,late,null_no_association,7.731269775899676,-0.0013650690975497426,7.731269793006838,0.1,h0_const,1,7.731269793006838,7.732634844997226,approximate
2.064513291818618,independent,late,null_no_association,7.795205286640287,0.0625704416430608,7.805878044124404,0.0133352143216,signgd_const,1,7.805878044124404,7.732634844997226,approximate
2.0466716487445313,flat_context,auc,context_frequency,7.7356179720870735,-0.0021655642513298545,7.7356179763245025,,gd_ls,1,2.0466716487445313,7.737783536338403,approximate
2.0478567102814,flat_context,auc,context_frequency,7.737304463581976,-0.0004790727564270014,7.738366791921694,,muon_ls,1,2.0478567102814,7.737783536338403,approximate
2.0465555660706265,flat_context,auc,context_frequency,7.7356179743137075,-0.0021655620246958662,7.735617972175604,,h0_ls,1,2.0465555660706265,7.737783536338403,approximate
2.0471927454863685,flat_context,auc,context_frequency,7.73696739918663,-0.0008161371517729776,7.737453662579392,,signgd_ls,1,2.0471927454863685,7.737783536338403,approximate
2.047232432869007,flat_context,auc,context_frequency,7.737200761956533,-0.0005827743818702658,7.737682462583409,13335.21432163324,gd_const,1,2.047232432869007,7.737783536338403,approximate
2.049289495629314,flat_context,auc,context_frequency,7.740822562807507,0.0030390264691035895,7.745919934014205,23.713737056616555,ngd_const,1,2.049289495629314,7.737783536338403,approximate
2.0499807862743116,flat_context,auc,context_frequency,7.7478743786299304,0.010090842291527125,7.747735072219433,3.1622776601683795,muon_const,1,2.0499807862743116,7.737783536338403,approximate
2.047010830406837,flat_context,auc,context_frequency,7.735617969473174,-0.0021655668652291737,7.735617971679128,0.1778279410038923,h0_const,1,2.047010830406837,7.737783536338403,approximate
2.0510391658444505,flat_context,auc,context_frequency,7.75443189471636,0.01664835837795664,7.7542527645337405,0.1,signgd_const,1,2.0510391658444505,7.737783536338403,approximate
2.0466716487445313,flat_context,late,context_frequency,7.7356179720870735,-0.0021655642513298545,7.7356179763245025,,gd_ls,1,7.7356179763245025,7.737783536338403,approximate
2.0478567102814,flat_context,late,context_frequency,7.737304463581976,-0.0004790727564270014,7.738366791921694,,muon_ls,1,7.738366791921694,7.737783536338403,approximate
2.0465555660706265,flat_context,late,context_frequency,7.7356179743137075,-0.0021655620246958662,7.735617972175604,,h0_ls,1,7.735617972175604,7.737783536338403,approximate
2.0471927454863685,flat_context,late,context_frequency,7.73696739918663,-0.0008161371517729776,7.737453662579392,,signgd_ls,1,7.737453662579392,7.737783536338403,approximate
2.0472991058195262,flat_context,late,context_frequency,7.73561797039884,-0.0021655659395634075,7.735617976672538,10000.0,gd_const,1,7.735617976672538,7.737783536338403,approximate
2.060566343839079,flat_context,late,context_frequency,7.735879897281374,-0.0019036390570290607,7.735828325501759,3.1622776601683795,ngd_const,1,7.735828325501759,7.737783536338403,approximate
2.056280611648555,flat_context,late,context_frequency,7.736430796202697,-0.0013527401357062985,7.736449692577396,0.749894209332,muon_const,1,7.736449692577396,7.737783536338403,approximate
2.047010830406837,flat_context,late,context_frequency,7.735617969473174,-0.0021655668652291737,7.735617971679128,0.1778279410038923,h0_const,1,7.735617971679128,7.737783536338403,approximate
2.0578023343965715,flat_context,late,context_frequency,7.737525097957871,-0.00025843838053241086,7.738024359120576,0.0237137370566,signgd_const,1,7.738024359120576,7.737783536338403,approximate
1.975932821526007,permuted_entries,auc,matrix_geometry,7.005074241780249,0.15511394288581393,7.077261608034089,,gd_ls,1,1.975932821526007,6.849960298894435,approximate
1.971257414284113,permuted_entries,auc,matrix_geometry,6.966201995282354,0.11624169638791937,7.022065174416667,,muon_ls,1,1.971257414284113,6.849960298894435,approximate
1.92832682405543,permuted_entries,auc,matrix_geometry,6.848189487578942,-0.0017708113154926153,6.8484074666401105,,h0_ls,1,1.92832682405543,6.849960298894435,approximate
1.965871191139461,permuted_entries,auc,matrix_geometry,6.9579970922924606,0.10803679339802574,7.014620558895431,,signgd_ls,1,1.965871191139461,6.849960298894435,approximate
1.9680471960252204,permuted_entries,auc,matrix_geometry,6.951314609672632,0.10135431077819756,7.025394019116168,421.6965034285823,gd_const,1,1.9680471960252204,6.849960298894435,approximate
1.9668337972713306,permuted_entries,auc,matrix_geometry,6.993690869473763,0.14373057057932836,7.028653419100802,10.0,ngd_const,1,1.9668337972713306,6.849960298894435,approximate
1.9732138893732065,permuted_entries,auc,matrix_geometry,7.040524538250799,0.19056423935636424,7.086120361542973,0.7498942093324558,muon_const,1,1.9732138893732065,6.849960298894435,approximate
1.930676873829714,permuted_entries,auc,matrix_geometry,6.858534992404856,0.00857469351042095,6.856967860019444,0.056234132519034905,h0_const,1,1.930676873829714,6.849960298894435,approximate
1.9769974928621876,permuted_entries,auc,matrix_geometry,7.11224023735272,0.2622799384582848,7.126998030356985,0.0316227766017,signgd_const,1,1.9769974928621876,6.849960298894435,approximate
1.975932821526007,permuted_entries,late,matrix_geometry,7.005074241780249,0.15511394288581393,7.077261608034089,,gd_ls,1,7.077261608034089,6.849960298894435,approximate
1.971257414284113,permuted_entries,late,matrix_geometry,6.966201995282354,0.11624169638791937,7.022065174416667,,muon_ls,1,7.022065174416667,6.849960298894435,approximate
1.92832682405543,permuted_entries,late,matrix_geometry,6.848189487578942,-0.0017708113154926153,6.8484074666401105,,h0_ls,1,6.8484074666401105,6.849960298894435,approximate
1.965871191139461,permuted_entries,late,matrix_geometry,6.9579970922924606,0.10803679339802574,7.014620558895431,,signgd_ls,1,7.014620558895431,6.849960298894435,approximate
1.9680471960252204,permuted_entries,late,matrix_geometry,6.951314609672632,0.10135431077819756,7.025394019116168,421.6965034285823,gd_const,1,7.025394019116168,6.849960298894435,approximate
1.9686566865432777,permuted_entries,late,matrix_geometry,6.979989670516403,0.13002937162196826,7.020918458567019,5.623413251903491,ngd_const,1,7.020918458567019,6.849960298894435,approximate
1.9737230484037438,permuted_entries,late,matrix_geometry,7.064384382294675,0.21442408340023977,7.083060751000422,0.5623413251903491,muon_const,1,7.083060751000422,6.849960298894435,approximate
1.9311832317741926,permuted_entries,late,matrix_geometry,6.848217485195201,-0.0017428136992334586,6.848579566626723,0.042169650342858224,h0_const,1,6.848579566626723,6.849960298894435,approximate
1.9825456322860622,permuted_entries,late,matrix_geometry,7.006579479468218,0.15661918057378355,7.066408952034331,0.01,signgd_const,1,7.066408952034331,6.849960298894435,approximate
1.7564511600075787,onehot_mix_0.5,auc,finite_support,5.380269995502099,0.6086664503826889,5.545889309045456,,gd_ls,1,1.7564511600075787,4.77160354511941,attempted_zero_support_approximate
1.613077923315519,onehot_mix_0.5,auc,finite_support,4.845534941846729,0.07393139672731941,4.887065286692815,,muon_ls,1,1.613077923315519,4.77160354511941,attempted_zero_support_approximate
1.5756316084772162,onehot_mix_0.5,auc,finite_support,4.753049253398192,-0.018554291721217808,4.756863979045706,,h0_ls,1,1.5756316084772162,4.77160354511941,attempted_zero_support_approximate
1.7311760564155283,onehot_mix_0.5,auc,finite_support,5.248912320625741,0.477308775506331,5.403427491838569,,signgd_ls,1,1.7311760564155283,4.77160354511941,attempted_zero_support_approximate
1.7383430379052012,onehot_mix_0.5,auc,finite_support,5.228613057252211,0.4570095121328013,5.434134066402681,237.13737056616557,gd_const,1,1.7383430379052012,4.77160354511941,attempted_zero_support_approximate
1.7399086850776007,onehot_mix_0.5,auc,finite_support,5.508990931081762,0.7373873859623519,5.455168299437593,13.33521432163324,ngd_const,1,1.7399086850776007,4.77160354511941,attempted_zero_support_approximate
1.6169572326575652,onehot_mix_0.5,auc,finite_support,4.891747472222302,0.1201439271028919,4.902686994384956,1.7782794100389228,muon_const,1,1.6169572326575652,4.77160354511941,attempted_zero_support_approximate
1.579244714030598,onehot_mix_0.5,auc,finite_support,4.754857322405312,-0.016746222714098202,4.758542878285587,0.0316227766017,h0_const,1,1.579244714030598,4.77160354511941,attempted_zero_support_approximate
1.743018791708477,onehot_mix_0.5,auc,finite_support,5.351031489980819,0.5794279448614095,5.4316948115259605,0.0177827941004,signgd_const,1,1.743018791708477,4.77160354511941,attempted_zero_support_approximate
1.7564511600075787,onehot_mix_0.5,late,finite_support,5.380269995502099,0.6086664503826889,5.545889309045456,,gd_ls,1,5.545889309045456,4.77160354511941,attempted_zero_support_approximate
1.613077923315519,onehot_mix_0.5,late,finite_support,4.845534941846729,0.07393139672731941,4.887065286692815,,muon_ls,1,4.887065286692815,4.77160354511941,attempted_zero_support_approximate
1.5756316084772162,onehot_mix_0.5,late,finite_support,4.753049253398192,-0.018554291721217808,4.756863979045706,,h0_ls,1,4.756863979045706,4.77160354511941,attempted_zero_support_approximate
1.7311760564155283,onehot_mix_0.5,late,finite_support,5.248912320625741,0.477308775506331,5.403427491838569,,signgd_ls,1,5.403427491838569,4.77160354511941,attempted_zero_support_approximate
1.7389390742590278,onehot_mix_0.5,late,finite_support,5.263546680741257,0.4919431356218471,5.4338377503958615,177.8279410038923,gd_const,1,5.4338377503958615,4.77160354511941,attempted_zero_support_approximate
1.7401243849736971,onehot_mix_0.5,late,finite_support,5.317427781367876,0.5458242362484658,5.436680340129539,10.0,ngd_const,1,5.436680340129539,4.77160354511941,attempted_zero_support_approximate
1.6312438925822879,onehot_mix_0.5,late,finite_support,4.812504885414999,0.040901340295588895,4.8388423384463914,0.7498942093324559,muon_const,1,4.8388423384463914,4.77160354511941,attempted_zero_support_approximate
1.579244714030598,onehot_mix_0.5,late,finite_support,4.754857322405312,-0.016746222714098202,4.758542878285587,0.0316227766017,h0_const,1,4.758542878285587,4.77160354511941,attempted_zero_support_approximate
1.7472171999672346,onehot_mix_0.5,late,finite_support,5.305620641951089,0.5340170968316791,5.417608334360712,0.0133352143216,signgd_const,1,5.417608334360712,4.77160354511941,attempted_zero_support_approximate
2.058537989356322,association_0.1,auc,association_strength,7.752375990563995,0.03379345690039326,7.774545026576359,,gd_ls,1,2.058537989356322,7.718582533663602,approximate
2.0640518090651914,association_0.1,auc,association_strength,7.793600605505221,0.0750180718416189,7.820839668904547,,muon_ls,1,2.0640518090651914,7.718582533663602,approximate
2.044637386611845,association_0.1,auc,association_strength,7.717577309734944,-0.0010052239286579834,7.717577318935643,,h0_ls,1,2.044637386611845,7.718582533663602,approximate
2.059201194279535,association_0.1,auc,association_strength,7.769177840953485,0.05059530728988282,7.788945843684455,,signgd_ls,1,2.059201194279535,7.718582533663602,approximate
2.0571385485910154,association_0.1,auc,association_strength,7.773032906546571,0.054450372882969056,7.768479454041161,421.6965034285823,gd_const,1,2.0571385485910154,7.718582533663602,approximate
2.0571427797333524,association_0.1,auc,association_strength,7.775183586913162,0.056601053249559996,7.774135888968008,7.498942093324558,ngd_const,1,2.0571427797333524,7.718582533663602,approximate
2.054321531897621,association_0.1,auc,association_strength,7.740352376853483,0.0217698431898814,7.742041053990375,3.1622776601683795,muon_const,1,2.054321531897621,7.718582533663602,approximate
2.045189993940693,association_0.1,auc,association_strength,7.717577328313822,-0.0010052053497799918,7.717577364710736,0.1,h0_const,1,2.045189993940693,7.718582533663602,approximate
2.0622075493543663,association_0.1,auc,association_strength,7.80984913859029,0.09126660492668837,7.815659694915916,0.0237137370566,signgd_const,1,2.0622075493543663,7.718582533663602,approximate
2.058537989356322,association_0.1,late,association_strength,7.752375990563995,0.03379345690039326,7.774545026576359,,gd_ls,1,7.774545026576359,7.718582533663602,approximate
2.0640518090651914,association_0.1,late,association_strength,7.793600605505221,0.0750180718416189,7.820839668904547,,muon_ls,1,7.820839668904547,7.718582533663602,approximate
2.044637386611845,association_0.1,late,association_strength,7.717577309734944,-0.0010052239286579834,7.717577318935643,,h0_ls,1,7.717577318935643,7.718582533663602,approximate
2.059201194279535,association_0.1,late,association_strength,7.769177840953485,0.05059530728988282,7.788945843684455,,signgd_ls,1,7.788945843684455,7.718582533663602,approximate
2.0571385485910154,association_0.1,late,association_strength,7.773032906546571,0.054450372882969056,7.768479454041161,421.6965034285823,gd_const,1,7.768479454041161,7.718582533663602,approximate
2.057857486927421,association_0.1,late,association_strength,7.744793057353725,0.02621052369012311,7.767787897881137,4.216965034285822,ngd_const,1,7.767787897881137,7.718582533663602,approximate
2.05741421855395,association_0.1,late,association_strength,7.725401864718745,0.006819331055143429,7.731240270438756,1.778279410038923,muon_const,1,7.731240270438756,7.718582533663602,approximate
2.045189993940693,association_0.1,late,association_strength,7.717577328313822,-0.0010052053497799918,7.717577364710736,0.1,h0_const,1,7.717577364710736,7.718582533663602,approximate
2.0652233426641837,association_0.1,late,association_strength,7.777800694525587,0.0592181608619855,7.796353145397524,0.01,signgd_const,1,7.796353145397524,7.718582533663602,approximate
2.03637064785303,rewire_mix_0.5,auc,null_no_association,7.542162665191137,0.07103461762953422,7.580840328859945,,gd_ls,1,2.03637064785303,7.471128047561603,approximate
2.0304883128939264,rewire_mix_0.5,auc,null_no_association,7.543912119430844,0.07278407186924074,7.566242899484717,,muon_ls,1,2.0304883128939264,7.471128047561603,approximate
2.0128248814868943,rewire_mix_0.5,auc,null_no_association,7.469756680995624,-0.0013713665659791374,7.469830392263443,,h0_ls,1,2.0128248814868943,7.471128047561603,approximate
2.032456465111842,rewire_mix_0.5,auc,null_no_association,7.530144918768401,0.059016871206797994,7.560736515328159,,signgd_ls,1,2.032456465111842,7.471128047561603,approximate
2.0329431792184818,rewire_mix_0.5,auc,null_no_association,7.529002886133627,0.057874838572024245,7.561613236563261,421.6965034285823,gd_const,1,2.0329431792184818,7.471128047561603,approximate
2.0326364856362162,rewire_mix_0.5,auc,null_no_association,7.521042583038709,0.04991453547710645,7.559730654209322,7.498942093324558,ngd_const,1,2.0326364856362162,7.471128047561603,approximate
2.023572648287766,rewire_mix_0.5,auc,null_no_association,7.5091788417623295,0.038050794200726656,7.5121347702795624,3.1622776601683795,muon_const,1,2.023572648287766,7.471128047561603,approximate
2.014949522329213,rewire_mix_0.5,auc,null_no_association,7.478448688963579,0.007320641401975969,7.480258976960845,0.0749894209333,h0_const,1,2.014949522329213,7.471128047561603,approximate
2.0382633380924275,rewire_mix_0.5,auc,null_no_association,7.601436929197961,0.130308881636358,7.610462366582655,0.0237137370566,signgd_const,1,2.0382633380924275,7.471128047561603,approximate
2.03637064785303,rewire_mix_0.5,late,null_no_association,7.542162665191137,0.07103461762953422,7.580840328859945,,gd_ls,1,7.580840328859945,7.471128047561603,approximate
2.0304883128939264,rewire_mix_0.5,late,null_no_association,7.543912119430844,0.07278407186924074,7.566242899484717,,muon_ls,1,7.566242899484717,7.471128047561603,approximate
2.0128248814868943,rewire_mix_0.5,late,null_no_association,7.469756680995624,-0.0013713665659791374,7.469830392263443,,h0_ls,1,7.469830392263443,7.471128047561603,approximate
2.032456465111842,rewire_mix_0.5,late,null_no_association,7.530144918768401,0.059016871206797994,7.560736515328159,,signgd_ls,1,7.560736515328159,7.471128047561603,approximate
2.0329431792184818,rewire_mix_0.5,late,null_no_association,7.529002886133627,0.057874838572024245,7.561613236563261,421.6965034285823,gd_const,1,7.561613236563261,7.471128047561603,approximate
2.033086317372601,rewire_mix_0.5,late,null_no_association,7.541052506002045,0.06992445844044237,7.557676640209672,5.623413251903491,ngd_const,1,7.557676640209672,7.471128047561603,approximate
2.0274961129349878,rewire_mix_0.5,late,null_no_association,7.482351364296651,0.011223316735048172,7.492133724917493,1.333521432163324,muon_const,1,7.492133724917493,7.471128047561603,approximate
2.016941559444347,rewire_mix_0.5,late,null_no_association,7.469814184768835,-0.0013138627927675728,7.47030419614588,0.0316227766017,h0_const,1,7.47030419614588,7.471128047561603,approximate
2.04172438023446,rewire_mix_0.5,late,null_no_association,7.5637601352486055,0.0926320876870026,7.588577728046029,0.01,signgd_const,1,7.588577728046029,7.471128047561603,approximate
2.0406581582769325,context_gamma0.5,auc,context_frequency,7.677648862192093,-0.0017846474039542315,7.677687312230875,,gd_ls,1,2.0406581582769325,7.6794335095960475,approximate
2.04155957062894,context_gamma0.5,auc,context_frequency,7.682175379677794,0.0027418700817465336,7.684351639017463,,muon_ls,1,2.04155957062894,7.6794335095960475,approximate
2.0393217508639485,context_gamma0.5,auc,context_frequency,7.677647166377126,-0.0017863432189217932,7.677647157323928,,h0_ls,1,2.0393217508639485,7.6794335095960475,approximate
2.0413400166797886,context_gamma0.5,auc,context_frequency,7.6809161558892765,0.0014826462932289175,7.682064438185346,,signgd_ls,1,2.0413400166797886,7.6794335095960475,approximate
2.041673558861129,context_gamma0.5,auc,context_frequency,7.686502144385888,0.007068634789840544,7.684881835989779,5623.413251903491,gd_const,1,2.041673558861129,7.6794335095960475,approximate
2.043391014335433,context_gamma0.5,auc,context_frequency,7.691094574144876,0.011661064548828648,7.6928411996018875,17.78279410038923,ngd_const,1,2.043391014335433,7.6794335095960475,approximate
2.0436091281049267,context_gamma0.5,auc,context_frequency,7.695088878088602,0.015655368492554445,7.695288509854172,3.1622776601683795,muon_const,1,2.0436091281049267,7.6794335095960475,approximate
2.0402298601866304,context_gamma0.5,auc,context_frequency,7.677677294463914,-0.0017562151321337538,7.6776743388150415,0.1,h0_const,1,2.0402298601866304,7.6794335095960475,approximate
2.044936333597089,context_gamma0.5,auc,context_frequency,7.70280895089531,0.02337544129926261,7.70427965838701,0.1,signgd_const,1,2.044936333597089,7.6794335095960475,approximate
2.0406581582769325,context_gamma0.5,late,context_frequency,7.677648862192093,-0.0017846474039542315,7.677687312230875,,gd_ls,1,7.677687312230875,7.6794335095960475,approximate
2.04155957062894,context_gamma0.5,late,context_frequency,7.682175379677794,0.0027418700817465336,7.684351639017463,,muon_ls,1,7.684351639017463,7.6794335095960475,approximate
2.0393217508639485,context_gamma0.5,late,context_frequency,7.677647166377126,-0.0017863432189217932,7.677647157323928,,h0_ls,1,7.677647157323928,7.6794335095960475,approximate
2.0413400166797886,context_gamma0.5,late,context_frequency,7.6809161558892765,0.0014826462932289175,7.682064438185346,,signgd_ls,1,7.682064438185346,7.6794335095960475,approximate
2.0425100406219436,context_gamma0.5,late,context_frequency,7.677654456290393,-0.0017790533056549762,7.677765662655662,3162.2776601683795,gd_const,1,7.677765662655662,7.6794335095960475,approximate
2.0536110453339007,context_gamma0.5,late,context_frequency,7.678370439941517,-0.001063069654530402,7.67875853745196,3.1622776601683795,ngd_const,1,7.67875853745196,7.6794335095960475,approximate
2.0505955766000556,context_gamma0.5,late,context_frequency,7.679045660843905,-0.00038784875214226133,7.679673527897656,0.749894209332,muon_const,1,7.679673527897656,7.6794335095960475,approximate
2.0408035504326865,context_gamma0.5,late,context_frequency,7.677647161645708,-0.0017863479503397173,7.677647171053121,0.0749894209332,h0_const,1,7.677647171053121,7.6794335095960475,approximate
2.050959753238068,context_gamma0.5,late,context_frequency,7.686390148746735,0.006956639150687671,7.686603963986609,0.0237137370566,signgd_const,1,7.686603963986609,7.6794335095960475,approximate
1.457680475744836,onehot_mix_0.25,auc,finite_support,3.806987936842753,0.6877142631554682,4.0072434945057145,,gd_ls,1,1.457680475744836,3.119273673687285,attempted_zero_support_approximate
1.2145046541433864,onehot_mix_0.25,auc,finite_support,3.1775143672328303,0.05824069354554551,3.222981186197043,,muon_ls,1,1.2145046541433864,3.119273673687285,attempted_zero_support_approximate
1.155932667410996,onehot_mix_0.25,auc,finite_support,3.095991249772204,-0.02328242391508084,3.1001967939579536,,h0_ls,1,1.155932667410996,3.119273673687285,attempted_zero_support_approximate
1.4098062686303634,onehot_mix_0.25,auc,finite_support,3.5923241053802513,0.47305043169296646,3.8142331351498027,,signgd_ls,1,1.4098062686303634,3.119273673687285,attempted_zero_support_approximate
1.4080028315036048,onehot_mix_0.25,auc,finite_support,3.619981436131833,0.5007077624445482,3.775534356965777,316.22776601683796,gd_const,1,1.4080028315036048,3.119273673687285,attempted_zero_support_approximate
1.3906189381058345,onehot_mix_0.25,auc,finite_support,3.622023066294136,0.5027493926068511,3.7104173309002713,13.33521432163324,ngd_const,1,1.3906189381058345,3.119273673687285,attempted_zero_support_approximate
1.2248322121489141,onehot_mix_0.25,auc,finite_support,3.229595371518855,0.1103216978315702,3.2342005864493735,1.778279410038923,muon_const,1,1.2248322121489141,3.119273673687285,attempted_zero_support_approximate
1.1602900927829274,onehot_mix_0.25,auc,finite_support,3.0965341083951836,-0.022739565292101194,3.1012524814850337,0.0421696503429,h0_const,1,1.1602900927829274,3.119273673687285,attempted_zero_support_approximate
1.4159811159103604,onehot_mix_0.25,auc,finite_support,3.90046000851469,0.7811863348274053,3.881894381503708,0.0562341325191,signgd_const,1,1.4159811159103604,3.119273673687285,attempted_zero_support_approximate
1.457680475744836,onehot_mix_0.25,late,finite_support,3.806987936842753,0.6877142631554682,4.0072434945057145,,gd_ls,1,4.0072434945057145,3.119273673687285,attempted_zero_support_approximate
1.2145046541433864,onehot_mix_0.25,late,finite_support,3.1775143672328303,0.05824069354554551,3.222981186197043,,muon_ls,1,3.222981186197043,3.119273673687285,attempted_zero_support_approximate
1.155932667410996,onehot_mix_0.25,late,finite_support,3.095991249772204,-0.02328242391508084,3.1001967939579536,,h0_ls,1,3.1001967939579536,3.119273673687285,attempted_zero_support_approximate
1.4098062686303634,onehot_mix_0.25,late,finite_support,3.5923241053802513,0.47305043169296646,3.8142331351498027,,signgd_ls,1,3.8142331351498027,3.119273673687285,attempted_zero_support_approximate
1.4112815893751596,onehot_mix_0.25,late,finite_support,3.6612691214574484,0.5419954477701636,3.774509658872455,237.13737056616557,gd_const,1,3.774509658872455,3.119273673687285,attempted_zero_support_approximate
1.3906189381058345,onehot_mix_0.25,late,finite_support,3.622023066294136,0.5027493926068511,3.7104173309002713,13.33521432163324,ngd_const,1,3.7104173309002713,3.119273673687285,attempted_zero_support_approximate
1.241704387512328,onehot_mix_0.25,late,finite_support,3.17115777037324,0.05188409668595506,3.186462944724645,1.0,muon_const,1,3.186462944724645,3.119273673687285,attempted_zero_support_approximate
1.1602900927829274,onehot_mix_0.25,late,finite_support,3.0965341083951836,-0.022739565292101194,3.1012524814850337,0.0421696503429,h0_const,1,3.1012524814850337,3.119273673687285,attempted_zero_support_approximate
1.4231336725638903,onehot_mix_0.25,late,finite_support,3.752805767470726,0.6335320937834412,3.83299302846388,0.0316227766017,signgd_const,1,3.83299302846388,3.119273673687285,attempted_zero_support_approximate
1.9081656014240047,onehot_mix_0.75,auc,finite_support,6.439537484875152,0.3865183593209478,6.556033921414075,,gd_ls,1,1.9081656014240047,6.053019125554204,attempted_zero_support_approximate
1.833200027600055,onehot_mix_0.75,auc,finite_support,6.127900271733411,0.07488114617920694,6.157161748445345,,muon_ls,1,1.833200027600055,6.053019125554204,attempted_zero_support_approximate
1.8076415657057314,onehot_mix_0.75,auc,finite_support,6.0466919989403785,-0.00632712661382584,6.04773763680433,,h0_ls,1,1.8076415657057314,6.053019125554204,attempted_zero_support_approximate
1.888719962816848,onehot_mix_0.75,auc,finite_support,6.328115898555612,0.27509677300140734,6.43368851235737,,signgd_ls,1,1.888719962816848,6.053019125554204,attempted_zero_support_approximate
1.8939512783410792,onehot_mix_0.75,auc,finite_support,6.284715138089449,0.2316960125352443,6.481817318370634,316.22776601683796,gd_const,1,1.8939512783410792,6.053019125554204,attempted_zero_support_approximate
1.8867278488720816,onehot_mix_0.75,auc,finite_support,6.328308313254198,0.2752891876999941,6.415132186266651,10.0,ngd_const,1,1.8867278488720816,6.053019125554204,attempted_zero_support_approximate
1.8327310528338892,onehot_mix_0.75,auc,finite_support,6.144525210957384,0.0915060854031795,6.143627398152912,1.7782794100389228,muon_const,1,1.8327310528338892,6.053019125554204,attempted_zero_support_approximate
1.8112176544254937,onehot_mix_0.75,auc,finite_support,6.0586867048972906,0.00566757934308626,6.058789368965864,0.0421696503429,h0_const,1,1.8112176544254937,6.053019125554204,attempted_zero_support_approximate
1.897649155052424,onehot_mix_0.75,auc,finite_support,6.425194188810558,0.3721750632563534,6.472164619049899,0.0177827941004,signgd_const,1,1.897649155052424,6.053019125554204,attempted_zero_support_approximate
1.9081656014240047,onehot_mix_0.75,late,finite_support,6.439537484875152,0.3865183593209478,6.556033921414075,,gd_ls,1,6.556033921414075,6.053019125554204,attempted_zero_support_approximate
1.833200027600055,onehot_mix_0.75,late,finite_support,6.127900271733411,0.07488114617920694,6.157161748445345,,muon_ls,1,6.157161748445345,6.053019125554204,attempted_zero_support_approximate
1.8076415657057314,onehot_mix_0.75,late,finite_support,6.0466919989403785,-0.00632712661382584,6.04773763680433,,h0_ls,1,6.04773763680433,6.053019125554204,attempted_zero_support_approximate
1.888719962816848,onehot_mix_0.75,late,finite_support,6.328115898555612,0.27509677300140734,6.43368851235737,,signgd_ls,1,6.43368851235737,6.053019125554204,attempted_zero_support_approximate
1.894641721737032,onehot_mix_0.75,late,finite_support,6.384791884506897,0.33177275895269265,6.458850021063856,177.8279410038923,gd_const,1,6.458850021063856,6.053019125554204,attempted_zero_support_approximate
1.8867278488720816,onehot_mix_0.75,late,finite_support,6.328308313254198,0.2752891876999941,6.415132186266651,10.0,ngd_const,1,6.415132186266651,6.053019125554204,attempted_zero_support_approximate
1.837454806997839,onehot_mix_0.75,late,finite_support,6.095555972858856,0.04253684730465146,6.107862650630573,1.0,muon_const,1,6.107862650630573,6.053019125554204,attempted_zero_support_approximate
1.8126275892361057,onehot_mix_0.75,late,finite_support,6.04697712319575,-0.006042002358454646,6.048876437628893,0.0316227766017,h0_const,1,6.048876437628893,6.053019125554204,attempted_zero_support_approximate
1.899681099849263,onehot_mix_0.75,late,finite_support,6.393466024979038,0.3404468994248333,6.456996982188842,0.0133352143216,signgd_const,1,6.456996982188842,6.053019125554204,attempted_zero_support_approximate
1.5279278430797194,sample_k4,auc,finite_support,4.099427360448087,1.0004620799193606,4.319904093857921,,gd_ls,1,1.5279278430797194,3.098965280528726,attempted_zero_support_approximate
1.2079836706365774,sample_k4,auc,finite_support,3.1459424327775993,0.04697715224887311,3.2053072084806336,,muon_ls,1,1.2079836706365774,3.098965280528726,attempted_zero_support_approximate
1.1482948784433076,sample_k4,auc,finite_support,3.031470337701592,-0.06749494282713409,3.0515740990332323,,h0_ls,1,1.1482948784433076,3.098965280528726,attempted_zero_support_approximate
1.4806875590329063,sample_k4,auc,finite_support,3.9014791134455287,0.8025138329168024,4.105487634494846,,signgd_ls,1,1.4806875590329063,3.098965280528726,attempted_zero_support_approximate
1.4992019700834962,sample_k4,auc,finite_support,3.9228217653511157,0.8238564848223895,4.104093006007127,133.3521432163324,gd_const,1,1.4992019700834962,3.098965280528726,attempted_zero_support_approximate
1.4976790677438603,sample_k4,auc,finite_support,3.8840774469095005,0.7851121663807743,4.124742667916702,10.0,ngd_const,1,1.4976790677438603,3.098965280528726,attempted_zero_support_approximate
1.2123696572676752,sample_k4,auc,finite_support,3.1565176249747777,0.05755234444605151,3.16985229753537,1.778279410038923,muon_const,1,1.2123696572676752,3.098965280528726,attempted_zero_support_approximate
1.1699980237353476,sample_k4,auc,finite_support,3.0360901449773507,-0.06287513555137547,3.0567124893993745,0.0237137370566,h0_const,1,1.1699980237353476,3.098965280528726,attempted_zero_support_approximate
1.4569962678278596,sample_k4,auc,finite_support,3.803428153098533,0.704462872569807,3.9777528339837946,0.0421696503429,signgd_const,1,1.4569962678278596,3.098965280528726,attempted_zero_support_approximate
1.5279278430797194,sample_k4,late,finite_support,4.099427360448087,1.0004620799193606,4.319904093857921,,gd_ls,1,4.319904093857921,3.098965280528726,attempted_zero_support_approximate
1.2079836706365774,sample_k4,late,finite_support,3.1459424327775993,0.04697715224887311,3.2053072084806336,,muon_ls,1,3.2053072084806336,3.098965280528726,attempted_zero_support_approximate
1.1482948784433076,sample_k4,late,finite_support,3.031470337701592,-0.06749494282713409,3.0515740990332323,,h0_ls,1,3.0515740990332323,3.098965280528726,attempted_zero_support_approximate
1.4806875590329063,sample_k4,late,finite_support,3.9014791134455287,0.8025138329168024,4.105487634494846,,signgd_ls,1,4.105487634494846,3.098965280528726,attempted_zero_support_approximate
1.4992019700834962,sample_k4,late,finite_support,3.9228217653511157,0.8238564848223895,4.104093006007127,133.3521432163324,gd_const,1,4.104093006007127,3.098965280528726,attempted_zero_support_approximate
1.4988072699425627,sample_k4,late,finite_support,3.8653187306082524,0.7663534500795262,4.099098239242606,5.623413251903491,ngd_const,1,4.099098239242606,3.098965280528726,attempted_zero_support_approximate
1.2341948992745189,sample_k4,late,finite_support,3.09289736977207,-0.006067910756656136,3.1145123513129382,1.0,muon_const,1,3.1145123513129382,3.098965280528726,attempted_zero_support_approximate
1.1699980237353476,sample_k4,late,finite_support,3.0360901449773507,-0.06287513555137547,3.0567124893993745,0.0237137370566,h0_const,1,3.0567124893993745,3.098965280528726,attempted_zero_support_approximate
1.4569962678278596,sample_k4,late,finite_support,3.803428153098533,0.704462872569807,3.9777528339837946,0.0421696503429,signgd_const,1,3.9777528339837946,3.098965280528726,attempted_zero_support_approximate
1.6927830351785926,sample_k16,auc,finite_support,5.0625044746139,0.4210675517307294,5.2014186458393885,,gd_ls,1,1.6927830351785926,4.6414369228831704,attempted_zero_support_approximate
1.5637805453890092,sample_k16,auc,finite_support,4.668850279900973,0.02741335701780212,4.68909334469666,,muon_ls,1,1.5637805453890092,4.6414369228831704,attempted_zero_support_approximate
1.5517824985782318,sample_k16,auc,finite_support,4.628597652095958,-0.012839270787212698,4.634435960116166,,h0_ls,1,1.5517824985782318,4.6414369228831704,attempted_zero_support_approximate
1.6722205648547586,sample_k16,auc,finite_support,4.965120922080879,0.3236839991977085,5.098679441890077,,signgd_ls,1,1.6722205648547586,4.6414369228831704,attempted_zero_support_approximate
1.683202120263272,sample_k16,auc,finite_support,4.980146721753254,0.33870979887008357,5.109507113329632,316.22776601683796,gd_const,1,1.683202120263272,4.6414369228831704,attempted_zero_support_approximate
1.6778136243482116,sample_k16,auc,finite_support,4.934614051472683,0.2931771285895124,5.078957904256789,10.0,ngd_const,1,1.6778136243482116,4.6414369228831704,attempted_zero_support_approximate
1.5828988153918666,sample_k16,auc,finite_support,4.721278102793361,0.0798411799101908,4.7285011775982255,2.3713737056616555,muon_const,1,1.5828988153918666,4.6414369228831704,attempted_zero_support_approximate
1.5654145090902878,sample_k16,auc,finite_support,4.654145596062482,0.012708673179311347,4.6537008597162774,0.0421696503429,h0_const,1,1.5654145090902878,4.6414369228831704,attempted_zero_support_approximate
1.6749323350293677,sample_k16,auc,finite_support,5.040323011168713,0.3988860882855425,5.110640211221853,0.0562341325191,signgd_const,2,1.6749323350293677,4.6414369228831704,attempted_zero_support_approximate
1.6927830351785926,sample_k16,late,finite_support,5.0625044746139,0.4210675517307294,5.2014186458393885,,gd_ls,1,5.2014186458393885,4.6414369228831704,attempted_zero_support_approximate
1.5637805453890092,sample_k16,late,finite_support,4.668850279900973,0.02741335701780212,4.68909334469666,,muon_ls,1,4.68909334469666,4.6414369228831704,attempted_zero_support_approximate
1.5517824985782318,sample_k16,late,finite_support,4.628597652095958,-0.012839270787212698,4.634435960116166,,h0_ls,1,4.634435960116166,4.6414369228831704,attempted_zero_support_approximate
1.6722205648547586,sample_k16,late,finite_support,4.965120922080879,0.3236839991977085,5.098679441890077,,signgd_ls,1,5.098679441890077,4.6414369228831704,attempted_zero_support_approximate
1.683202120263272,sample_k16,late,finite_support,4.980146721753254,0.33870979887008357,5.109507113329632,316.22776601683796,gd_const,1,5.109507113329632,4.6414369228831704,attempted_zero_support_approximate
1.6778136243482116,sample_k16,late,finite_support,4.934614051472683,0.2931771285895124,5.078957904256789,10.0,ngd_const,1,5.078957904256789,4.6414369228831704,attempted_zero_support_approximate
1.6048244097723265,sample_k16,late,finite_support,4.662519058046194,0.021082135163023707,4.681002811652893,1.0,muon_const,1,4.681002811652893,4.6414369228831704,attempted_zero_support_approximate
1.5706579608539428,sample_k16,late,finite_support,4.629547446738431,-0.011889476144739675,4.637342443144681,0.0316227766017,h0_const,1,4.637342443144681,4.6414369228831704,attempted_zero_support_approximate
1.6749323350293677,sample_k16,late,finite_support,5.040323011168713,0.3988860882855425,5.110640211221853,0.0562341325191,signgd_const,2,5.110640211221853,4.6414369228831704,attempted_zero_support_approximate
2.0366896687060674,association_0.5,auc,association_strength,7.54609379360143,0.06764796388570193,7.584051810811521,,gd_ls,1,2.0366896687060674,7.478445829715728,approximate
2.0313216700614047,association_0.5,auc,association_strength,7.550479775449626,0.07203394573389765,7.5727837496042705,,muon_ls,1,2.0313216700614047,7.478445829715728,approximate
2.013718420462099,association_0.5,auc,association_strength,7.476352868849787,-0.002092960865940796,7.476427939000266,,h0_ls,1,2.013718420462099,7.478445829715728,approximate
2.032904838949122,association_0.5,auc,association_strength,7.535840281132293,0.05739445141656496,7.564979549484495,,signgd_ls,1,2.032904838949122,7.478445829715728,approximate
2.03346555238045,association_0.5,auc,association_strength,7.520636684098441,0.04219085438271275,7.564784079044395,421.6965034285823,gd_const,1,2.03346555238045,7.478445829715728,approximate
2.0330659976269683,association_0.5,auc,association_strength,7.526545764468601,0.048099934752873,7.564027294200909,7.498942093324558,ngd_const,1,2.0330659976269683,7.478445829715728,approximate
2.0244268972359887,association_0.5,auc,association_strength,7.51643198311845,0.03798615340272171,7.518621589003765,3.1622776601683795,muon_const,1,2.0244268972359887,7.478445829715728,approximate
2.0157849831190124,association_0.5,auc,association_strength,7.484980070248101,0.006534240532372948,7.486766792597695,0.0749894209333,h0_const,1,2.0157849831190124,7.478445829715728,approximate
2.038617148549551,association_0.5,auc,association_strength,7.605513975366871,0.1270681456511431,7.614792264353309,0.0237137370566,signgd_const,1,2.038617148549551,7.478445829715728,approximate
2.0366896687060674,association_0.5,late,association_strength,7.54609379360143,0.06764796388570193,7.584051810811521,,gd_ls,1,7.584051810811521,7.478445829715728,approximate
2.0313216700614047,association_0.5,late,association_strength,7.550479775449626,0.07203394573389765,7.5727837496042705,,muon_ls,1,7.5727837496042705,7.478445829715728,approximate
2.013718420462099,association_0.5,late,association_strength,7.476352868849787,-0.002092960865940796,7.476427939000266,,h0_ls,1,7.476427939000266,7.478445829715728,approximate
2.032904838949122,association_0.5,late,association_strength,7.535840281132293,0.05739445141656496,7.564979549484495,,signgd_ls,1,7.564979549484495,7.478445829715728,approximate
2.03346555238045,association_0.5,late,association_strength,7.520636684098441,0.04219085438271275,7.564784079044395,421.6965034285823,gd_const,1,7.564784079044395,7.478445829715728,approximate
2.033493883185438,association_0.5,late,association_strength,7.5453493497270046,0.06690352001127664,7.561677080227002,5.623413251903491,ngd_const,1,7.561677080227002,7.478445829715728,approximate
2.028388581467844,association_0.5,late,association_strength,7.4890042525174305,0.010558422801702605,7.499325732936028,1.333521432163324,muon_const,1,7.499325732936028,7.478445829715728,approximate
2.017742781358991,association_0.5,late,association_strength,7.476409063537251,-0.00203676617847659,7.476889757755623,0.0316227766017,h0_const,1,7.476889757755623,7.478445829715728,approximate
2.0417556375136177,association_0.5,late,association_strength,7.562712593682235,0.08426676396650734,7.588956333801834,0.01,signgd_const,1,7.588956333801834,7.478445829715728,approximate
1.9069057351806373,context_gamma2,auc,context_frequency,6.6101081974637195,0.09748939406430512,6.637889667377059,,gd_ls,1,1.9069057351806373,6.512618803399414,approximate
1.8834117451350683,context_gamma2,auc,context_frequency,6.5250490294883905,0.012430226088976148,6.534066595467318,,muon_ls,1,1.8834117451350683,6.512618803399414,approximate
1.8756416133552476,context_gamma2,auc,context_frequency,6.483267482750652,-0.02935132064876278,6.484737895808977,,h0_ls,1,1.8756416133552476,6.512618803399414,approximate
1.8980821987936671,context_gamma2,auc,context_frequency,6.5853895588728015,0.07277075547338718,6.604482489087022,,signgd_ls,1,1.8980821987936671,6.512618803399414,approximate
1.9092494651461789,context_gamma2,auc,context_frequency,6.703605531972349,0.19098672857293497,6.657882843008754,56.23413251903491,gd_const,1,1.9092494651461789,6.512618803399414,approximate
1.9113705245141133,context_gamma2,auc,context_frequency,6.614780355391218,0.10216155199180399,6.664735160118733,3.1622776601683795,ngd_const,1,1.9113705245141133,6.512618803399414,approximate
1.8901020615196196,context_gamma2,auc,context_frequency,6.55481355141386,0.04219474801444534,6.5567658363856065,1.7782794100389228,muon_const,1,1.8901020615196196,6.512618803399414,approximate
1.8787726335089143,context_gamma2,auc,context_frequency,6.4838229727811445,-0.028795830618269846,6.484994351082811,0.0421696503429,h0_const,1,1.8787726335089143,6.512618803399414,approximate
1.9079017242601812,context_gamma2,auc,context_frequency,6.604643774410025,0.09202497101061091,6.627277840220761,0.01,signgd_const,1,1.9079017242601812,6.512618803399414,approximate
1.9069057351806373,context_gamma2,late,context_frequency,6.6101081974637195,0.09748939406430512,6.637889667377059,,gd_ls,1,6.637889667377059,6.512618803399414,approximate
1.8834117451350683,context_gamma2,late,context_frequency,6.5250490294883905,0.012430226088976148,6.534066595467318,,muon_ls,1,6.534066595467318,6.512618803399414,approximate
1.8756416133552476,context_gamma2,late,context_frequency,6.483267482750652,-0.02935132064876278,6.484737895808977,,h0_ls,1,6.484737895808977,6.512618803399414,approximate
1.8980821987936671,context_gamma2,late,context_frequency,6.5853895588728015,0.07277075547338718,6.604482489087022,,signgd_ls,1,6.604482489087022,6.512618803399414,approximate
1.9093523856024563,context_gamma2,late,context_frequency,6.617286675829708,0.10466787243029341,6.6433674563868905,42.16965034285822,gd_const,1,6.6433674563868905,6.512618803399414,approximate
1.9140307567621992,context_gamma2,late,context_frequency,6.620669243940028,0.1080504405406133,6.644917685714878,1.333521432163324,ngd_const,1,6.644917685714878,6.512618803399414,approximate
1.8955604994193727,context_gamma2,late,context_frequency,6.515063243993116,0.0024444405937016356,6.524965308022389,0.7498942093324559,muon_const,1,6.524965308022389,6.512618803399414,approximate
1.8787726335089143,context_gamma2,late,context_frequency,6.4838229727811445,-0.028795830618269846,6.484994351082811,0.0421696503429,h0_const,1,6.484994351082811,6.512618803399414,approximate
1.9154222555359006,context_gamma2,late,context_frequency,6.596159960859663,0.0835411574602487,6.620854982920877,0.0056234132519,signgd_const,1,6.620854982920877,6.512618803399414,approximate
2.040463616099905,copy_assoc_0.1,auc,copy_am,7.568503666689605,0.11128896673654687,7.610479616306812,,gd_ls,1,2.040463616099905,7.457214699953058,approximate
2.0430408112532015,copy_assoc_0.1,auc,copy_am,7.611836958582141,0.1546222586290833,7.647257060753885,,muon_ls,1,2.0430408112532015,7.457214699953058,approximate
2.0114333195698664,copy_assoc_0.1,auc,copy_am,7.456085729199818,-0.0011289707532400328,7.456091707082949,,h0_ls,1,2.0114333195698664,7.457214699953058,approximate
2.0359845987734384,copy_assoc_0.1,auc,copy_am,7.548050914549638,0.09083621459657998,7.585794627374376,,signgd_ls,1,2.0359845987734384,7.457214699953058,approximate
2.036634726972498,copy_assoc_0.1,auc,copy_am,7.532526396963188,0.07531169701013063,7.581014014659735,237.13737056616557,gd_const,1,2.036634726972498,7.457214699953058,approximate
2.035095908915829,copy_assoc_0.1,auc,copy_am,7.512676753828619,0.055462053875561246,7.574815223694661,7.498942093324558,ngd_const,1,2.035095908915829,7.457214699953058,approximate
2.0332618642915543,copy_assoc_0.1,auc,copy_am,7.512848669908499,0.055633969955441565,7.540116387844821,1.333521432163324,muon_const,1,2.0332618642915543,7.457214699953058,approximate
2.0125979319361047,copy_assoc_0.1,auc,copy_am,7.456086435508271,-0.0011282644447865309,7.456110111775657,0.0562341325191,h0_const,1,2.0125979319361047,7.457214699953058,approximate
2.0422955616782534,copy_assoc_0.1,auc,copy_am,7.610352783561384,0.15313808360832581,7.621430019829417,0.0133352143216,signgd_const,1,2.0422955616782534,7.457214699953058,approximate
2.040463616099905,copy_assoc_0.1,late,copy_am,7.568503666689605,0.11128896673654687,7.610479616306812,,gd_ls,1,7.610479616306812,7.457214699953058,approximate
2.0430408112532015,copy_assoc_0.1,late,copy_am,7.611836958582141,0.1546222586290833,7.647257060753885,,muon_ls,1,7.647257060753885,7.457214699953058,approximate
2.0114333195698664,copy_assoc_0.1,late,copy_am,7.456085729199818,-0.0011289707532400328,7.456091707082949,,h0_ls,1,7.456091707082949,7.457214699953058,approximate
2.0359845987734384,copy_assoc_0.1,late,copy_am,7.548050914549638,0.09083621459657998,7.585794627374376,,signgd_ls,1,7.585794627374376,7.457214699953058,approximate
2.036634726972498,copy_assoc_0.1,late,copy_am,7.532526396963188,0.07531169701013063,7.581014014659735,237.13737056616557,gd_const,1,7.581014014659735,7.457214699953058,approximate
2.0354880765022143,copy_assoc_0.1,late,copy_am,7.519996651764176,0.06278195181111812,7.573243631146902,5.623413251903491,ngd_const,1,7.573243631146902,7.457214699953058,approximate
2.0348361512210427,copy_assoc_0.1,late,copy_am,7.498562445800343,0.04134774584728529,7.535002529867275,1.0,muon_const,1,7.535002529867275,7.457214699953058,approximate
2.0125979319361047,copy_assoc_0.1,late,copy_am,7.456086435508271,-0.0011282644447865309,7.456110111775657,0.0562341325191,h0_const,1,7.456110111775657,7.457214699953058,approximate
2.043170995354464,copy_assoc_0.1,late,copy_am,7.588650273185426,0.13143557323236799,7.611346787287633,0.01,signgd_const,1,7.611346787287633,7.457214699953058,approximate
2.0075833866970494,prototype_32,auc,shared_structure,7.308345514306345,0.06885823430415172,7.35030146213615,,gd_ls,1,2.0075833866970494,7.239487280002193,approximate
1.9958165254905058,prototype_32,auc,shared_structure,7.288002318214767,0.048515038212573636,7.305200193755158,,muon_ls,1,1.9958165254905058,7.239487280002193,approximate
1.9823119232843378,prototype_32,auc,shared_structure,7.237889308431624,-0.0015979715705691788,7.237988766864487,,h0_ls,1,1.9823119232843378,7.239487280002193,approximate
2.0037473315493526,prototype_32,auc,shared_structure,7.299729421808462,0.060242141806268634,7.333284116155889,,signgd_ls,1,2.0037473315493526,7.239487280002193,approximate
2.0044268439916246,prototype_32,auc,shared_structure,7.32261561922958,0.08312833922738694,7.334125443955718,421.6965034285823,gd_const,1,2.0044268439916246,7.239487280002193,approximate
2.005100288878165,prototype_32,auc,shared_structure,7.306134812614997,0.06664753261280332,7.341117893956264,7.498942093324558,ngd_const,1,2.005100288878165,7.239487280002193,approximate
1.9935202758878816,prototype_32,auc,shared_structure,7.268566324569164,0.029079044566970857,7.2724751897591045,2.3713737056616555,muon_const,1,1.9935202758878816,7.239487280002193,approximate
1.9838422020381525,prototype_32,auc,shared_structure,7.244116146544041,0.004628866541847465,7.242805549977698,0.0562341325191,h0_const,1,1.9838422020381525,7.239487280002193,approximate
2.0105057341427868,prototype_32,auc,shared_structure,7.361723046265881,0.12223576626368793,7.371560556250356,0.0177827941004,signgd_const,1,2.0105057341427868,7.239487280002193,approximate
2.0075833866970494,prototype_32,late,shared_structure,7.308345514306345,0.06885823430415172,7.35030146213615,,gd_ls,1,7.35030146213615,7.239487280002193,approximate
1.9958165254905058,prototype_32,late,shared_structure,7.288002318214767,0.048515038212573636,7.305200193755158,,muon_ls,1,7.305200193755158,7.239487280002193,approximate
1.9823119232843378,prototype_32,late,shared_structure,7.237889308431624,-0.0015979715705691788,7.237988766864487,,h0_ls,1,7.237988766864487,7.239487280002193,approximate
2.0037473315493526,prototype_32,late,shared_structure,7.299729421808462,0.060242141806268634,7.333284116155889,,signgd_ls,1,7.333284116155889,7.239487280002193,approximate
2.0044268439916246,prototype_32,late,shared_structure,7.32261561922958,0.08312833922738694,7.334125443955718,421.6965034285823,gd_const,1,7.334125443955718,7.239487280002193,approximate
2.005235710759706,prototype_32,late,shared_structure,7.3130877044283595,0.0736004244261661,7.3340499598361,5.623413251903491,ngd_const,1,7.3340499598361,7.239487280002193,approximate
1.9971812185390014,prototype_32,late,shared_structure,7.254065076721794,0.014577796719600578,7.262191320143701,1.333521432163324,muon_const,1,7.262191320143701,7.239487280002193,approximate
1.9844255953079741,prototype_32,late,shared_structure,7.2379172133234,-0.001570066678793225,7.238158350501818,0.0421696503429,h0_const,1,7.238158350501818,7.239487280002193,approximate
2.014647720574492,prototype_32,late,shared_structure,7.334519383965632,0.09503210396343853,7.360586293138494,0.01,signgd_const,1,7.360586293138494,7.239487280002193,approximate
0.44916731479568783,argmax_ptb,auc,finite_support_new,1.4680857827037253,0.008809552806109622,1.4825048136047443,,gd_ls,1,0.44916731479568783,1.4592762298976156,attempted_zero_support_approximate
0.4202267155582722,argmax_ptb,auc,finite_support_new,1.45641939399443,-0.0028568359031855284,1.4594448702809002,,muon_ls,1,0.4202267155582722,1.4592762298976156,attempted_zero_support_approximate
0.41610741814606,argmax_ptb,auc,finite_support_new,1.4602968829240073,0.0010206530263916491,1.4662694605187432,,h0_ls,1,0.41610741814606,1.4592762298976156,attempted_zero_support_approximate
0.4451520220532521,argmax_ptb,auc,finite_support_new,1.4686973830418815,0.009421153144265837,1.479248797584307,,signgd_ls,1,0.4451520220532521,1.4592762298976156,attempted_zero_support_approximate
0.4758017498858291,argmax_ptb,auc,finite_support_new,1.460831002377506,0.0015547724798903317,1.4717187849838465,4216.96503429,gd_const,1,0.4758017498858291,1.4592762298976156,attempted_zero_support_approximate
0.47631116217728253,argmax_ptb,auc,finite_support_new,1.4963412425996148,0.037065012701999134,1.5029416692396436,31.6227766017,ngd_const,1,0.47631116217728253,1.4592762298976156,attempted_zero_support_approximate
0.47017601691932603,argmax_ptb,auc,finite_support_new,1.5232579905794417,0.06398176068182604,1.5216998551629786,7.49894209332,muon_const,2,0.47017601691932603,1.4592762298976156,attempted_zero_support_approximate
0.41931999962948246,argmax_ptb,auc,finite_support_new,1.4675883066716437,0.008312076774028121,1.471162194488224,0.0749894209333,h0_const,2,0.41931999962948246,1.4592762298976156,attempted_zero_support_approximate
0.4849288668610953,argmax_ptb,auc,finite_support_new,1.5306951353150136,0.07141890541739793,1.5300102516515826,0.177827941004,signgd_const,1,0.4849288668610953,1.4592762298976156,attempted_zero_support_approximate
0.44916731479568783,argmax_ptb,late,finite_support_new,1.4680857827037253,0.008809552806109622,1.4825048136047443,,gd_ls,1,1.4825048136047443,1.4592762298976156,attempted_zero_support_approximate
0.4202267155582722,argmax_ptb,late,finite_support_new,1.45641939399443,-0.0028568359031855284,1.4594448702809002,,muon_ls,1,1.4594448702809002,1.4592762298976156,attempted_zero_support_approximate
0.41610741814606,argmax_ptb,late,finite_support_new,1.4602968829240073,0.0010206530263916491,1.4662694605187432,,h0_ls,1,1.4662694605187432,1.4592762298976156,attempted_zero_support_approximate
0.4451520220532521,argmax_ptb,late,finite_support_new,1.4686973830418815,0.009421153144265837,1.479248797584307,,signgd_ls,1,1.479248797584307,1.4592762298976156,attempted_zero_support_approximate
0.4758017498858291,argmax_ptb,late,finite_support_new,1.460831002377506,0.0015547724798903317,1.4717187849838465,4216.96503429,gd_const,1,1.4717187849838465,1.4592762298976156,attempted_zero_support_approximate
0.5092786595021697,argmax_ptb,late,finite_support_new,1.4684371206264357,0.009160890728820092,1.4781078840093123,13.3352143216,ngd_const,1,1.4781078840093123,1.4592762298976156,attempted_zero_support_approximate
0.569374833563111,argmax_ptb,late,finite_support_new,1.4633135441296805,0.004037314232064881,1.4639359112980046,1.77827941004,muon_const,1,1.4639359112980046,1.4592762298976156,attempted_zero_support_approximate
0.42333217640601073,argmax_ptb,late,finite_support_new,1.4607106591855472,0.0014344292879315823,1.4666784648080413,0.0562341325191,h0_const,2,1.4666784648080413,1.4592762298976156,attempted_zero_support_approximate
0.575671772007365,argmax_ptb,late,finite_support_new,1.4842180787348735,0.02494184883725792,1.4991647761167781,0.0421696503429,signgd_const,1,1.4991647761167781,1.4592762298976156,attempted_zero_support_approximate
1.4306535893968846,top2_renormalized,auc,finite_support_new,3.6361944373198485,1.1088874490010618,3.878988322355976,,gd_ls,1,1.4306535893968846,2.5273069883187866,attempted_zero_support_approximate
1.1297330186457213,top2_renormalized,auc,finite_support_new,2.733282388008143,0.2059753996893563,2.856842035128661,,muon_ls,1,1.1297330186457213,2.5273069883187866,attempted_zero_support_approximate
0.9586396029740303,top2_renormalized,auc,finite_support_new,2.4882191843410526,-0.03908780397773404,2.5063214656614634,,h0_ls,1,0.9586396029740303,2.5273069883187866,attempted_zero_support_approximate
1.375458852431535,top2_renormalized,auc,finite_support_new,3.407894518802423,0.8805875304836364,3.6463875694244723,,signgd_ls,1,1.375458852431535,2.5273069883187866,attempted_zero_support_approximate
1.3238570615290284,top2_renormalized,auc,finite_support_new,3.015786700179287,0.4884797118605002,3.4219943591876913,177.827941004,gd_const,1,1.3238570615290284,2.5273069883187866,attempted_zero_support_approximate
1.328051840554585,top2_renormalized,auc,finite_support_new,3.4191771212838673,0.8918701329650807,3.432858019316585,13.3352143216,ngd_const,1,1.328051840554585,2.5273069883187866,attempted_zero_support_approximate
1.11202842093238,top2_renormalized,auc,finite_support_new,2.750194074153345,0.22288708583455819,2.7774802694396463,2.37137370566,muon_const,1,1.11202842093238,2.5273069883187866,attempted_zero_support_approximate
0.9764019864210897,top2_renormalized,auc,finite_support_new,2.4939542602169427,-0.033352728101843976,2.513385417372181,0.0177827941004,h0_const,1,0.9764019864210897,2.5273069883187866,attempted_zero_support_approximate
1.3457207582864488,top2_renormalized,auc,finite_support_new,3.538452378074096,1.0111453897553093,3.59209684469412,0.0749894209333,signgd_const,1,1.3457207582864488,2.5273069883187866,attempted_zero_support_approximate
1.4306535893968846,top2_renormalized,late,finite_support_new,3.6361944373198485,1.1088874490010618,3.878988322355976,,gd_ls,1,3.878988322355976,2.5273069883187866,attempted_zero_support_approximate
1.1297330186457213,top2_renormalized,late,finite_support_new,2.733282388008143,0.2059753996893563,2.856842035128661,,muon_ls,1,2.856842035128661,2.5273069883187866,attempted_zero_support_approximate
0.9586396029740303,top2_renormalized,late,finite_support_new,2.4882191843410526,-0.03908780397773404,2.5063214656614634,,h0_ls,1,2.5063214656614634,2.5273069883187866,attempted_zero_support_approximate
1.375458852431535,top2_renormalized,late,finite_support_new,3.407894518802423,0.8805875304836364,3.6463875694244723,,signgd_ls,1,3.6463875694244723,2.5273069883187866,attempted_zero_support_approximate
1.3251410565517519,top2_renormalized,late,finite_support_new,3.6249254613775075,1.0976184730587208,3.42038993672207,237.137370566,gd_const,1,3.42038993672207,2.5273069883187866,attempted_zero_support_approximate
1.328051840554585,top2_renormalized,late,finite_support_new,3.4191771212838673,0.8918701329650807,3.432858019316585,13.3352143216,ngd_const,1,3.432858019316585,2.5273069883187866,attempted_zero_support_approximate
1.1416542076664664,top2_renormalized,late,finite_support_new,2.675377789727679,0.14807080140889228,2.740190941565015,1.33352143216,muon_const,1,2.740190941565015,2.5273069883187866,attempted_zero_support_approximate
0.9764019864210897,top2_renormalized,late,finite_support_new,2.4939542602169427,-0.033352728101843976,2.513385417372181,0.0177827941004,h0_const,1,2.513385417372181,2.5273069883187866,attempted_zero_support_approximate
1.3780577424672753,top2_renormalized,late,finite_support_new,3.4107933518142417,0.8834863634954551,3.547441212335108,0.0177827941004,signgd_const,1,3.547441212335108,2.5273069883187866,attempted_zero_support_approximate
1.6353077287841737,top8_renormalized,auc,finite_support_new,4.6479043656116055,0.6276135331320143,4.834569248404156,,gd_ls,1,1.6353077287841737,4.020290832479591,attempted_zero_support_approximate
1.470548043920525,top8_renormalized,auc,finite_support_new,4.120556693326261,0.10026586084666977,4.183792156361664,,muon_ls,1,1.470548043920525,4.020290832479591,attempted_zero_support_approximate
1.4095192488279003,top8_renormalized,auc,finite_support_new,3.9920436220740103,-0.02824721040558087,3.997708312927871,,h0_ls,1,1.4095192488279003,4.020290832479591,attempted_zero_support_approximate
1.6013686631642847,top8_renormalized,auc,finite_support_new,4.513771147491948,0.49348031501235656,4.690612641069917,,signgd_ls,1,1.6013686631642847,4.020290832479591,attempted_zero_support_approximate
1.6084061614819107,top8_renormalized,auc,finite_support_new,4.560587304109345,0.5402964716297536,4.679920274227688,177.827941004,gd_const,1,1.6084061614819107,4.020290832479591,attempted_zero_support_approximate
1.598449356467834,top8_renormalized,auc,finite_support_new,4.545429019598922,0.5251381871193308,4.6383803787605355,10.0,ngd_const,1,1.598449356467834,4.020290832479591,attempted_zero_support_approximate
1.471960482428795,top8_renormalized,auc,finite_support_new,4.117343243409607,0.09705241093001593,4.142337691041131,2.37137370566,muon_const,1,1.471960482428795,4.020290832479591,attempted_zero_support_approximate
1.4232083618910025,top8_renormalized,auc,finite_support_new,4.028632961609491,0.008342129129899511,4.032792898264698,0.0316227766017,h0_const,1,1.4232083618910025,4.020290832479591,attempted_zero_support_approximate
1.6015686415077102,top8_renormalized,auc,finite_support_new,4.792511911324134,0.7722210788445425,4.715507222470014,0.0562341325191,signgd_const,1,1.6015686415077102,4.020290832479591,attempted_zero_support_approximate
1.6353077287841737,top8_renormalized,late,finite_support_new,4.6479043656116055,0.6276135331320143,4.834569248404156,,gd_ls,1,4.834569248404156,4.020290832479591,attempted_zero_support_approximate
1.470548043920525,top8_renormalized,late,finite_support_new,4.120556693326261,0.10026586084666977,4.183792156361664,,muon_ls,1,4.183792156361664,4.020290832479591,attempted_zero_support_approximate
1.4095192488279003,top8_renormalized,late,finite_support_new,3.9920436220740103,-0.02824721040558087,3.997708312927871,,h0_ls,1,3.997708312927871,4.020290832479591,attempted_zero_support_approximate
1.6013686631642847,top8_renormalized,late,finite_support_new,4.513771147491948,0.49348031501235656,4.690612641069917,,signgd_ls,1,4.690612641069917,4.020290832479591,attempted_zero_support_approximate
1.6084061614819107,top8_renormalized,late,finite_support_new,4.560587304109345,0.5402964716297536,4.679920274227688,177.827941004,gd_const,1,4.679920274227688,4.020290832479591,attempted_zero_support_approximate
1.598449356467834,top8_renormalized,late,finite_support_new,4.545429019598922,0.5251381871193308,4.6383803787605355,10.0,ngd_const,1,4.6383803787605355,4.020290832479591,attempted_zero_support_approximate
1.491324753503439,top8_renormalized,late,finite_support_new,4.072278600769079,0.05198776828948759,4.110912378951019,1.33352143216,muon_const,1,4.110912378951019,4.020290832479591,attempted_zero_support_approximate
1.4260789270109082,top8_renormalized,late,finite_support_new,3.993731000230092,-0.026559832249499316,4.002062886279229,0.0237137370566,h0_const,1,4.002062886279229,4.020290832479591,attempted_zero_support_approximate
1.6230613799923521,top8_renormalized,late,finite_support_new,4.621417411265245,0.6011265787856539,4.7113046590677135,0.0177827941004,signgd_const,1,4.7113046590677135,4.020290832479591,attempted_zero_support_approximate
-2.4976256284708884,frequency_matched_random_onehot,auc,random_control_new,0.012558678107067853,-0.11052019000068662,0.04156039882736057,,gd_ls,1,-2.4976256284708884,0.12307886810775448,attempted_zero_support_approximate
-2.474194733560383,frequency_matched_random_onehot,auc,random_control_new,0.017941334168747936,-0.10513753393900654,0.046354038164202055,,muon_ls,1,-2.474194733560383,0.12307886810775448,attempted_zero_support_approximate
-2.1077791740694467,frequency_matched_random_onehot,auc,random_control_new,0.033946227638859613,-0.08913264046889487,0.07463958162819066,,h0_ls,1,-2.1077791740694467,0.12307886810775448,attempted_zero_support_approximate
-1.9834588286261416,frequency_matched_random_onehot,auc,random_control_new,0.045698852932304274,-0.0773800151754502,0.08685323393002167,,signgd_ls,1,-1.9834588286261416,0.12307886810775448,attempted_zero_support_approximate
-2.307341631029334,frequency_matched_random_onehot,auc,random_control_new,0.0012929094334060867,-0.1217859586743484,0.0071136712515986675,237137.370566,gd_const,1,-2.307341631029334,0.12307886810775448,attempted_zero_support_approximate
-3.06401688532091,frequency_matched_random_onehot,auc,random_control_new,0.003871400694307311,-0.11920746741344716,0.018417136566219103,133.352143216,ngd_const,1,-3.06401688532091,0.12307886810775448,attempted_zero_support_approximate
-2.9029821231419337,frequency_matched_random_onehot,auc,random_control_new,0.005180133921182448,-0.11789873418657203,0.023183250182838247,17.7827941004,muon_const,1,-2.9029821231419337,0.12307886810775448,attempted_zero_support_approximate
-3.8836144457102804,frequency_matched_random_onehot,auc,random_control_new,0.0012830901107860485,-0.12179577799696843,0.002108683808429884,2.37137370566,h0_const,1,-3.8836144457102804,0.12307886810775448,attempted_zero_support_approximate
-2.6338151467673288,frequency_matched_random_onehot,auc,random_control_new,0.008606924480410614,-0.11447194362734386,0.032440849862756777,0.749894209332,signgd_const,1,-2.6338151467673288,0.12307886810775448,attempted_zero_support_approximate
-2.4976256284708884,frequency_matched_random_onehot,late,random_control_new,0.012558678107067853,-0.11052019000068662,0.04156039882736057,,gd_ls,1,0.04156039882736057,0.12307886810775448,attempted_zero_support_approximate
-2.474194733560383,frequency_matched_random_onehot,late,random_control_new,0.017941334168747936,-0.10513753393900654,0.046354038164202055,,muon_ls,1,0.046354038164202055,0.12307886810775448,attempted_zero_support_approximate
-2.1077791740694467,frequency_matched_random_onehot,late,random_control_new,0.033946227638859613,-0.08913264046889487,0.07463958162819066,,h0_ls,1,0.07463958162819066,0.12307886810775448,attempted_zero_support_approximate
-1.9834588286261416,frequency_matched_random_onehot,late,random_control_new,0.045698852932304274,-0.0773800151754502,0.08685323393002167,,signgd_ls,1,0.08685323393002167,0.12307886810775448,attempted_zero_support_approximate
-2.2919558695727478,frequency_matched_random_onehot,late,random_control_new,0.00042596753310127403,-0.12265290057465321,0.005093064088124634,421696.503429,gd_const,1,0.005093064088124634,0.12307886810775448,attempted_zero_support_approximate
-3.0416365475741602,frequency_matched_random_onehot,late,random_control_new,0.004122745323188828,-0.11895612278456565,0.017959133448112403,177.827941004,ngd_const,1,0.017959133448112403,0.12307886810775448,attempted_zero_support_approximate
-2.9029821231419337,frequency_matched_random_onehot,late,random_control_new,0.005180133921182448,-0.11789873418657203,0.023183250182838247,17.7827941004,muon_const,1,0.023183250182838247,0.12307886810775448,attempted_zero_support_approximate
-3.8836144457102804,frequency_matched_random_onehot,late,random_control_new,0.0012830901107860485,-0.12179577799696843,0.002108683808429884,2.37137370566,h0_const,1,0.002108683808429884,0.12307886810775448,attempted_zero_support_approximate
-2.6338151467673288,frequency_matched_random_onehot,late,random_control_new,0.008606924480410614,-0.11447194362734386,0.032440849862756777,0.749894209332,signgd_const,1,0.032440849862756777,0.12307886810775448,attempted_zero_support_approximate
1.4966843952316808,frequency_matched_random_soft_k4,auc,random_control_new,3.9320779383206657,1.1630354698338365,4.162349315247506,,gd_ls,1,1.4966843952316808,2.769042468486829,attempted_zero_support_approximate
1.0447992393153898,frequency_matched_random_soft_k4,auc,random_control_new,2.6858969634496166,-0.08314550503721252,2.726999621434905,,muon_ls,1,1.0447992393153898,2.769042468486829,attempted_zero_support_approximate
1.0431279866342609,frequency_matched_random_soft_k4,auc,random_control_new,2.6615363791450033,-0.10750608934182582,2.6984200103180167,,h0_ls,1,1.0431279866342609,2.769042468486829,attempted_zero_support_approximate
1.4512073946338064,frequency_matched_random_soft_k4,auc,random_control_new,3.745975595708948,0.9769331272221189,3.974832472679762,,signgd_ls,1,1.4512073946338064,2.769042468486829,attempted_zero_support_approximate
1.4681828758305613,frequency_matched_random_soft_k4,auc,random_control_new,3.801233788920042,1.032191320433213,3.981500260808543,133.352143216,gd_const,1,1.4681828758305613,2.769042468486829,attempted_zero_support_approximate
1.4645642405660486,frequency_matched_random_soft_k4,auc,random_control_new,3.7416779854531637,0.9726355169663345,3.96556382325839,7.49894209332,ngd_const,1,1.4645642405660486,2.769042468486829,attempted_zero_support_approximate
1.0851453458390172,frequency_matched_random_soft_k4,auc,random_control_new,2.7755422997361205,0.006499831249291432,2.7881345310374517,1.77827941004,muon_const,1,1.0851453458390172,2.769042468486829,attempted_zero_support_approximate
1.0661352658857977,frequency_matched_random_soft_k4,auc,random_control_new,2.6757408400250835,-0.09330162846174561,2.711922210742382,0.0237137370566,h0_const,1,1.0661352658857977,2.769042468486829,attempted_zero_support_approximate
1.4225977321494787,frequency_matched_random_soft_k4,auc,random_control_new,3.6850143586444046,0.9159718901575755,3.827765968708286,0.0562341325191,signgd_const,1,1.4225977321494787,2.769042468486829,attempted_zero_support_approximate
1.4966843952316808,frequency_matched_random_soft_k4,late,random_control_new,3.9320779383206657,1.1630354698338365,4.162349315247506,,gd_ls,1,4.162349315247506,2.769042468486829,attempted_zero_support_approximate
1.0447992393153898,frequency_matched_random_soft_k4,late,random_control_new,2.6858969634496166,-0.08314550503721252,2.726999621434905,,muon_ls,1,2.726999621434905,2.769042468486829,attempted_zero_support_approximate
1.0431279866342609,frequency_matched_random_soft_k4,late,random_control_new,2.6615363791450033,-0.10750608934182582,2.6984200103180167,,h0_ls,1,2.6984200103180167,2.769042468486829,attempted_zero_support_approximate
1.4512073946338064,frequency_matched_random_soft_k4,late,random_control_new,3.745975595708948,0.9769331272221189,3.974832472679762,,signgd_ls,1,3.974832472679762,2.769042468486829,attempted_zero_support_approximate
1.4681828758305613,frequency_matched_random_soft_k4,late,random_control_new,3.801233788920042,1.032191320433213,3.981500260808543,133.352143216,gd_const,1,3.981500260808543,2.769042468486829,attempted_zero_support_approximate
1.4645642405660486,frequency_matched_random_soft_k4,late,random_control_new,3.7416779854531637,0.9726355169663345,3.96556382325839,7.49894209332,ngd_const,1,3.96556382325839,2.769042468486829,attempted_zero_support_approximate
1.1281972690500608,frequency_matched_random_soft_k4,late,random_control_new,2.6870583476209537,-0.08198412086587537,2.708665317380341,0.749894209332,muon_const,1,2.708665317380341,2.769042468486829,attempted_zero_support_approximate
1.0661352658857977,frequency_matched_random_soft_k4,late,random_control_new,2.6757408400250835,-0.09330162846174561,2.711922210742382,0.0237137370566,h0_const,1,2.711922210742382,2.769042468486829,attempted_zero_support_approximate
1.4225977321494787,frequency_matched_random_soft_k4,late,random_control_new,3.6850143586444046,0.9159718901575755,3.827765968708286,0.0562341325191,signgd_const,1,3.827765968708286,2.769042468486829,attempted_zero_support_approximate
1.7403451894375868,random_context_column_permutation,auc,alignment_new,5.341587429110803,0.45151220148334037,5.481628456787987,,gd_ls,1,1.7403451894375868,4.890075227627463,approximate
1.6255829222972216,random_context_column_permutation,auc,alignment_new,4.955547534392373,0.06547230676491012,4.980958856538253,,muon_ls,1,1.6255829222972216,4.890075227627463,approximate
1.608460050813928,random_context_column_permutation,auc,alignment_new,4.881989519528001,-0.008085708099462074,4.893313384585514,,h0_ls,1,1.608460050813928,4.890075227627463,approximate
1.724514246935707,random_context_column_permutation,auc,alignment_new,5.244547955904309,0.3544727282768463,5.380262339275008,,signgd_ls,1,1.724514246935707,4.890075227627463,approximate
1.7302450268521294,random_context_column_permutation,auc,alignment_new,5.431957876341868,0.5418826487144051,5.3875591582431355,237.137370566,gd_const,1,1.7302450268521294,4.890075227627463,approximate
1.7255022674941531,random_context_column_permutation,auc,alignment_new,5.2315136636131365,0.34143843598567347,5.37319356673167,10.0,ngd_const,1,1.7255022674941531,4.890075227627463,approximate
1.6311383686805647,random_context_column_permutation,auc,alignment_new,4.97190567681663,0.08183044918916682,4.982166488182481,2.37137370566,muon_const,1,1.6311383686805647,4.890075227627463,approximate
1.6162804021873167,random_context_column_permutation,auc,alignment_new,4.9003189765594755,0.010243748932012409,4.905979464895912,0.0316227766017,h0_const,1,1.6162804021873167,4.890075227627463,approximate
1.7314214865680717,random_context_column_permutation,auc,alignment_new,5.436998524010681,0.546923296383218,5.468489830287623,0.0562341325191,signgd_const,1,1.7314214865680717,4.890075227627463,approximate
1.7403451894375868,random_context_column_permutation,late,alignment_new,5.341587429110803,0.45151220148334037,5.481628456787987,,gd_ls,1,5.481628456787987,4.890075227627463,approximate
1.6255829222972216,random_context_column_permutation,late,alignment_new,4.955547534392373,0.06547230676491012,4.980958856538253,,muon_ls,1,4.980958856538253,4.890075227627463,approximate
1.608460050813928,random_context_column_permutation,late,alignment_new,4.881989519528001,-0.008085708099462074,4.893313384585514,,h0_ls,1,4.893313384585514,4.890075227627463,approximate
1.724514246935707,random_context_column_permutation,late,alignment_new,5.244547955904309,0.3544727282768463,5.380262339275008,,signgd_ls,1,5.380262339275008,4.890075227627463,approximate
1.7302450268521294,random_context_column_permutation,late,alignment_new,5.431957876341868,0.5418826487144051,5.3875591582431355,237.137370566,gd_const,1,5.3875591582431355,4.890075227627463,approximate
1.7255022674941531,random_context_column_permutation,late,alignment_new,5.2315136636131365,0.34143843598567347,5.37319356673167,10.0,ngd_const,1,5.37319356673167,4.890075227627463,approximate
1.6457514407906872,random_context_column_permutation,late,alignment_new,4.9119622741245355,0.021887046497072404,4.932446237303875,1.0,muon_const,1,4.932446237303875,4.890075227627463,approximate
1.6215453514074325,random_context_column_permutation,late,alignment_new,4.886785496022064,-0.0032897316053990266,4.898752954518387,0.0237137370566,h0_const,1,4.898752954518387,4.890075227627463,approximate
1.7527890498632288,random_context_column_permutation,late,alignment_new,5.368890862076703,0.4788156344492398,5.460513878019325,0.0133352143216,signgd_const,1,5.460513878019325,4.890075227627463,approximate
0.9455394917344744,anti_frequency_entropy_alignment,auc,alignment_new,2.5151945668137823,-0.005399693487019963,2.517243421270856,,gd_ls,1,0.9455394917344744,2.5205942603008022,approximate
0.9464488093640626,anti_frequency_entropy_alignment,auc,alignment_new,2.5189656635099777,-0.0016285967908244992,2.5224097075791554,,muon_ls,1,0.9464488093640626,2.5205942603008022,approximate
0.9396815567500432,anti_frequency_entropy_alignment,auc,alignment_new,2.5182913685289723,-0.0023028917718299624,2.5207180772589757,,h0_ls,1,0.9396815567500432,2.5205942603008022,approximate
0.9481043905644428,anti_frequency_entropy_alignment,auc,alignment_new,2.5189144856102037,-0.0016797746905985456,2.522068058007485,,signgd_ls,1,0.9481043905644428,2.5205942603008022,approximate
0.9724768928798468,anti_frequency_entropy_alignment,auc,alignment_new,2.517054577884514,-0.0035396824162883256,2.5225737652571665,3162.27766017,gd_const,1,0.9724768928798468,2.5205942603008022,approximate
0.9638640642779154,anti_frequency_entropy_alignment,auc,alignment_new,2.5491740897423654,0.02857982944156312,2.55111917159483,31.6227766017,ngd_const,1,0.9638640642779154,2.5205942603008022,approximate
0.9755256146056427,anti_frequency_entropy_alignment,auc,alignment_new,2.5689673662773918,0.0483731059765895,2.5726282577804396,4.21696503429,muon_const,1,0.9755256146056427,2.5205942603008022,approximate
0.9401503261642951,anti_frequency_entropy_alignment,auc,alignment_new,2.5201437243001417,-0.0004505360006605841,2.5220931548978274,0.0749894209333,h0_const,2,0.9401503261642951,2.5205942603008022,approximate
0.9708805972601697,anti_frequency_entropy_alignment,auc,alignment_new,2.567488894744195,0.046894634443392924,2.5641220649810204,0.133352143216,signgd_const,1,0.9708805972601697,2.5205942603008022,approximate
0.9455394917344744,anti_frequency_entropy_alignment,late,alignment_new,2.5151945668137823,-0.005399693487019963,2.517243421270856,,gd_ls,1,2.517243421270856,2.5205942603008022,approximate
0.9464488093640626,anti_frequency_entropy_alignment,late,alignment_new,2.5189656635099777,-0.0016285967908244992,2.5224097075791554,,muon_ls,1,2.5224097075791554,2.5205942603008022,approximate
0.9396815567500432,anti_frequency_entropy_alignment,late,alignment_new,2.5182913685289723,-0.0023028917718299624,2.5207180772589757,,h0_ls,1,2.5207180772589757,2.5205942603008022,approximate
0.9481043905644428,anti_frequency_entropy_alignment,late,alignment_new,2.5189144856102037,-0.0016797746905985456,2.522068058007485,,signgd_ls,1,2.522068058007485,2.5205942603008022,approximate
0.9742176444299023,anti_frequency_entropy_alignment,late,alignment_new,2.51546048596863,-0.005133774332172436,2.5181250921431815,4216.96503429,gd_const,1,2.5181250921431815,2.5205942603008022,approximate
1.0062886944248035,anti_frequency_entropy_alignment,late,alignment_new,2.517986763029217,-0.0026074972715850464,2.5209268916828647,7.49894209332,ngd_const,1,2.5209268916828647,2.5205942603008022,approximate
1.044994277840381,anti_frequency_entropy_alignment,late,alignment_new,2.5230218701622134,0.0024276098614111064,2.524024101366702,1.0,muon_const,1,2.524024101366702,2.5205942603008022,approximate
0.9401503261642951,anti_frequency_entropy_alignment,late,alignment_new,2.5201437243001417,-0.0004505360006605841,2.5220931548978274,0.0749894209333,h0_const,2,2.5220931548978274,2.5205942603008022,approximate
1.0248663946534322,anti_frequency_entropy_alignment,late,alignment_new,2.532318166266424,0.011723905965621562,2.5342578957900384,0.0316227766017,signgd_const,1,2.5342578957900384,2.5205942603008022,approximate
2.0099708235395006,head_background_soft_target,auc,background_new,7.305079131737553,0.10585114661775741,7.358183181720569,,gd_ls,1,2.0099708235395006,7.199227985119796,approximate
1.9947030487742663,head_background_soft_target,auc,background_new,7.271494792637667,0.07226680751787118,7.292832793681603,,muon_ls,1,1.9947030487742663,7.199227985119796,approximate
1.9767532699995898,head_background_soft_target,auc,background_new,7.197912345324535,-0.0013156397952611698,7.198024438501802,,h0_ls,1,1.9767532699995898,7.199227985119796,approximate
2.003143981458204,head_background_soft_target,auc,background_new,7.276239043722981,0.07701105860318513,7.319262133528078,,signgd_ls,1,2.003143981458204,7.199227985119796,approximate
2.0045642326555204,head_background_soft_target,auc,background_new,7.273029357053789,0.07380137193399339,7.321632366416755,421.696503429,gd_const,1,2.0045642326555204,7.199227985119796,approximate
2.0039181422188532,head_background_soft_target,auc,background_new,7.270139239045542,0.07091125392574593,7.320422776316007,7.49894209332,ngd_const,1,2.0039181422188532,7.199227985119796,approximate
1.9896253356489877,head_background_soft_target,auc,background_new,7.232538567948885,0.033310582829089164,7.237259090858685,2.37137370566,muon_const,1,1.9896253356489877,7.199227985119796,approximate
1.9785071250990707,head_background_soft_target,auc,background_new,7.201086915411402,0.001858930291605887,7.200391818512029,0.0562341325191,h0_const,1,1.9785071250990707,7.199227985119796,approximate
2.0107775934133887,head_background_soft_target,auc,background_new,7.343873497356961,0.14464551223716526,7.366380014554083,0.0177827941004,signgd_const,1,2.0107775934133887,7.199227985119796,approximate
2.0099708235395006,head_background_soft_target,late,background_new,7.305079131737553,0.10585114661775741,7.358183181720569,,gd_ls,1,7.358183181720569,7.199227985119796,approximate
1.9947030487742663,head_background_soft_target,late,background_new,7.271494792637667,0.07226680751787118,7.292832793681603,,muon_ls,1,7.292832793681603,7.199227985119796,approximate
1.9767532699995898,head_background_soft_target,late,background_new,7.197912345324535,-0.0013156397952611698,7.198024438501802,,h0_ls,1,7.198024438501802,7.199227985119796,approximate
2.003143981458204,head_background_soft_target,late,background_new,7.276239043722981,0.07701105860318513,7.319262133528078,,signgd_ls,1,7.319262133528078,7.199227985119796,approximate
2.0045642326555204,head_background_soft_target,late,background_new,7.273029357053789,0.07380137193399339,7.321632366416755,421.696503429,gd_const,1,7.321632366416755,7.199227985119796,approximate
2.004712663067419,head_background_soft_target,late,background_new,7.293907269067611,0.09467928394781477,7.3179768325660515,5.6234132519,ngd_const,1,7.3179768325660515,7.199227985119796,approximate
1.9905541950569616,head_background_soft_target,late,background_new,7.220032541350973,0.02080455623117672,7.225932906113114,1.77827941004,muon_const,1,7.225932906113114,7.199227985119796,approximate
1.9795443091648444,head_background_soft_target,late,background_new,7.1979272943119765,-0.0013006908078194712,7.198159426110397,0.0421696503429,h0_const,1,7.198159426110397,7.199227985119796,approximate
2.015339500192391,head_background_soft_target,late,background_new,7.3136254658337645,0.11439748071396849,7.352787592457846,0.01,signgd_const,1,7.352787592457846,7.199227985119796,approximate
2.0463959841125607,tail_background_soft_target,auc,background_new,7.628194924717144,0.05993887881374693,7.663833106729725,,gd_ls,1,2.0463959841125607,7.568256045903397,approximate
2.0316915494522965,tail_background_soft_target,auc,background_new,7.584827141644631,0.0165710957412335,7.593279925506657,,muon_ls,1,2.0316915494522965,7.568256045903397,approximate
2.0255196910407487,tail_background_soft_target,auc,background_new,7.5668047163188765,-0.0014513295845208773,7.566813939523167,,h0_ls,1,2.0255196910407487,7.568256045903397,approximate
2.041450024931118,tail_background_soft_target,auc,background_new,7.607594167538322,0.03933812163492423,7.632865995900981,,signgd_ls,1,2.041450024931118,7.568256045903397,approximate
2.043635467187969,tail_background_soft_target,auc,background_new,7.6664907701061535,0.09823472420275614,7.649600864705933,562.341325191,gd_const,1,2.043635467187969,7.568256045903397,approximate
2.0430825832690416,tail_background_soft_target,auc,background_new,7.62497788615612,0.05672184025272298,7.639087840638077,5.6234132519,ngd_const,2,2.0430825832690416,7.568256045903397,approximate
2.032461140098385,tail_background_soft_target,auc,background_new,7.583330429531468,0.015074383628070898,7.586458544591287,1.77827941004,muon_const,1,2.032461140098385,7.568256045903397,approximate
2.0268917928625214,tail_background_soft_target,auc,background_new,7.5694775100383795,0.001221464134982142,7.568866566777426,0.0562341325191,h0_const,1,2.0268917928625214,7.568256045903397,approximate
2.04819195557322,tail_background_soft_target,auc,background_new,7.654213387591148,0.0859573416877506,7.667062295406731,0.0133352143216,signgd_const,1,2.04819195557322,7.568256045903397,approximate
2.0463959841125607,tail_background_soft_target,late,background_new,7.628194924717144,0.05993887881374693,7.663833106729725,,gd_ls,1,7.663833106729725,7.568256045903397,approximate
2.0316915494522965,tail_background_soft_target,late,background_new,7.584827141644631,0.0165710957412335,7.593279925506657,,muon_ls,1,7.593279925506657,7.568256045903397,approximate
2.0255196910407487,tail_background_soft_target,late,background_new,7.5668047163188765,-0.0014513295845208773,7.566813939523167,,h0_ls,1,7.566813939523167,7.568256045903397,approximate
2.041450024931118,tail_background_soft_target,late,background_new,7.607594167538322,0.03933812163492423,7.632865995900981,,signgd_ls,1,7.632865995900981,7.568256045903397,approximate
2.043989796877451,tail_background_soft_target,late,background_new,7.613240336655965,0.04498429075256727,7.645542158146675,421.696503429,gd_const,1,7.645542158146675,7.568256045903397,approximate
2.0430825832690416,tail_background_soft_target,late,background_new,7.62497788615612,0.05672184025272298,7.639087840638077,5.6234132519,ngd_const,2,7.639087840638077,7.568256045903397,approximate
2.03512954860123,tail_background_soft_target,late,background_new,7.576238071521844,0.007982025618446187,7.580344113128099,1.0,muon_const,1,7.580344113128099,7.568256045903397,approximate
2.027506169214363,tail_background_soft_target,late,background_new,7.566805430718837,-0.0014506151845603554,7.566830559814944,0.0421696503429,h0_const,1,7.566830559814944,7.568256045903397,approximate
2.0498388750443066,tail_background_soft_target,late,background_new,7.637856952640749,0.06960090673735131,7.663021379704116,0.01,signgd_const,1,7.663021379704116,7.568256045903397,approximate
1.1817406586452894,class_block_soft_target,auc,shared_structure_new,3.1027349764474983,0.058310028593388186,3.141467909063554,,gd_ls,1,1.1817406586452894,3.04442494785411,approximate
1.141440398961282,class_block_soft_target,auc,shared_structure_new,3.0467234493371627,0.0022985014830525508,3.053490772421903,,muon_ls,1,1.141440398961282,3.04442494785411,approximate
1.127152105323304,class_block_soft_target,auc,shared_structure_new,3.0429540087336577,-0.0014709391204523747,3.0456630102248345,,h0_ls,1,1.127152105323304,3.04442494785411,approximate
1.170275323445596,class_block_soft_target,auc,shared_structure_new,3.08168036146036,0.03725541360624973,3.1045916448850486,,signgd_ls,1,1.170275323445596,3.04442494785411,approximate
1.1822286466992333,class_block_soft_target,auc,shared_structure_new,3.0761628374286016,0.03173788957449153,3.117082100724617,1000.0,gd_const,1,1.1822286466992333,3.04442494785411,approximate
1.1914896928468088,class_block_soft_target,auc,shared_structure_new,3.097317914117049,0.052892966262938934,3.1210604674641553,13.3352143216,ngd_const,1,1.1914896928468088,3.04442494785411,approximate
1.166805522968771,class_block_soft_target,auc,shared_structure_new,3.114378874607585,0.06995392675347478,3.107313461717406,5.62341325191,muon_const,1,1.166805522968771,3.04442494785411,approximate
1.1304204059331375,class_block_soft_target,auc,shared_structure_new,3.051749009614961,0.007324061760850764,3.053785256621012,0.0562341325191,h0_const,1,1.1304204059331375,3.04442494785411,approximate
1.2059538006097934,class_block_soft_target,auc,shared_structure_new,3.218462790587141,0.1740378427330307,3.2081306110214505,0.0749894209333,signgd_const,2,1.2059538006097934,3.04442494785411,approximate
1.1817406586452894,class_block_soft_target,late,shared_structure_new,3.1027349764474983,0.058310028593388186,3.141467909063554,,gd_ls,1,3.141467909063554,3.04442494785411,approximate
1.141440398961282,class_block_soft_target,late,shared_structure_new,3.0467234493371627,0.0022985014830525508,3.053490772421903,,muon_ls,1,3.053490772421903,3.04442494785411,approximate
1.127152105323304,class_block_soft_target,late,shared_structure_new,3.0429540087336577,-0.0014709391204523747,3.0456630102248345,,h0_ls,1,3.0456630102248345,3.04442494785411,approximate
1.170275323445596,class_block_soft_target,late,shared_structure_new,3.08168036146036,0.03725541360624973,3.1045916448850486,,signgd_ls,1,3.1045916448850486,3.04442494785411,approximate
1.1822286466992333,class_block_soft_target,late,shared_structure_new,3.0761628374286016,0.03173788957449153,3.117082100724617,1000.0,gd_const,1,3.117082100724617,3.04442494785411,approximate
1.1966647923361158,class_block_soft_target,late,shared_structure_new,3.086060738677077,0.04163579082296698,3.110710574253519,10.0,ngd_const,1,3.110710574253519,3.04442494785411,approximate
1.2084720087609317,class_block_soft_target,late,shared_structure_new,3.05348265449262,0.0090577066385098,3.0587477094994044,1.77827941004,muon_const,1,3.0587477094994044,3.04442494785411,approximate
1.1313758544306745,class_block_soft_target,late,shared_structure_new,3.0442288195793243,-0.00019612827478576733,3.0466989899182275,0.0421696503429,h0_const,1,3.0466989899182275,3.04442494785411,approximate
1.2449831399892943,class_block_soft_target,late,shared_structure_new,3.1486222157310833,0.10419726787697314,3.1674288836593374,0.0237137370566,signgd_const,1,3.1674288836593374,3.04442494785411,approximate
